lesion_section,kind,compartment,n_cells_all,n_pu1_raw,n_pu1_eligible,area_pu1_eligible_um2,n_selected,area_selected_um2,n_sections,frac_pu1
False,manual annotation,manual:GM,27387,6168,6168,201763.51466891213,1667,53040.993146984096,10,0.22521634352064848
False,manual annotation,manual:WM,14004,1945,1875,53732.40529963844,1022,27596.455213066736,10,0.1388888888888889
False,manual annotation,manual:core,0,0,0,0.0,0,0.0,10,
False,manual annotation,manual:unannotated,37480,6769,5115,151702.50578610445,0,0.0,10,0.18060298826040555
False,manual annotation,manual:vbo,505,50,0,0.0,0,0.0,10,0.09900990099009901
False,well group,GM,27387,6168,6168,201763.51466891213,1667,53040.993146984096,10,0.22521634352064848
False,well group,WM,14004,1945,1875,53732.40529963844,1022,27596.455213066736,10,0.1388888888888889
False,whole section,all,79376,14932,13158,407198.42575465504,2689,80637.44836005082,10,0.1881173150574481
True,manual annotation,manual:GM,0,0,0,0.0,0,0.0,8,
True,manual annotation,manual:WM,0,0,0,0.0,0,0.0,8,
True,manual annotation,manual:core,21907,10681,9410,275210.9953210639,1539,42818.93689620818,8,0.48756105354452917
True,manual annotation,manual:unannotated,116145,38275,32716,997519.6112983061,7589,221781.38669176403,8,0.32954496534504285
True,manual annotation,manual:vbo,403,85,0,0.0,0,0.0,8,0.2109181141439206
True,well group,GM,0,0,0,0.0,0,0.0,8,
True,well group,WM,0,0,0,0.0,0,0.0,8,
True,well group,core,24935,11981,10939,312180.0907850773,1310,36360.12010118943,8,0.48048927210747944
True,well group,rim,28017,12013,9713,286756.0563604255,1439,39676.82694536534,8,0.4287753863725595
True,well group,ring_0_10,23225,6525,5443,164817.88198354276,1408,40303.55792446047,8,0.28094725511302476
True,well group,ring_10_20,14996,4351,3753,117601.15372626763,1288,38462.469618248484,8,0.2901440384102427
True,well group,ring_20_40,23623,7539,6671,216282.21868092468,1540,46982.52322360318,8,0.31913812809550013
True,well group,ring_40_60,15261,4370,3900,123504.47338366005,1461,43427.278129879596,8,0.28635082891029423
True,well group,ring_60_plus,8408,2276,1718,52073.10068382167,699,19966.29618511186,8,0.27069457659372026
True,whole section,all,138455,49041,42126,1272730.6066193702,9128,264600.3235879722,8,0.35420172619262574
