animal,lesion_section,kind,compartment,n_cells_all,n_pu1_raw,n_pu1_eligible,area_pu1_eligible_um2,n_selected,area_selected_um2
CFA_L2,False,manual annotation,manual:GM,9878,1626,1626,57240.090706921415,510,17214.809792234555
CFA_L2,False,manual annotation,manual:WM,4370,241,221,7302.314256090949,145,4412.059266999157
CFA_L2,False,manual annotation,manual:core,0,0,0,0.0,0,0.0
CFA_L2,False,manual annotation,manual:unannotated,9604,1235,1141,38368.61850367235,0,0.0
CFA_L2,False,manual annotation,manual:vbo,184,9,0,0.0,0,0.0
CFA_L2,False,well group,GM,9878,1626,1626,57240.090706921415,510,17214.809792234555
CFA_L2,False,well group,WM,4370,241,221,7302.314256090949,145,4412.059266999157
CFA_L2,False,whole section,all,24036,3111,2988,102911.02346668471,655,21626.86905923371
OS1_2,False,manual annotation,manual:GM,7890,1618,1618,52915.3298865888,567,17873.247228956752
OS1_2,False,manual annotation,manual:WM,3624,319,304,8925.790574789125,213,5843.288764285187
OS1_2,False,manual annotation,manual:core,0,0,0,0.0,0,0.0
OS1_2,False,manual annotation,manual:unannotated,10742,1284,916,30330.397366057063,0,0.0
OS1_2,False,manual annotation,manual:vbo,180,13,0,0.0,0,0.0
OS1_2,False,well group,GM,7890,1618,1618,52915.3298865888,567,17873.247228956752
OS1_2,False,well group,WM,3624,319,304,8925.790574789125,213,5843.288764285187
OS1_2,False,whole section,all,22436,3234,2838,92171.51782743499,780,23716.535993241938
P2_3,True,manual annotation,manual:GM,0,0,0,0.0,0,0.0
P2_3,True,manual annotation,manual:WM,0,0,0,0.0,0,0.0
P2_3,True,manual annotation,manual:core,9638,4876,4072,112771.62610051202,504,13773.919322352613
P2_3,True,manual annotation,manual:unannotated,44283,15190,11676,346453.397533445,3341,94658.04392274206
P2_3,True,manual annotation,manual:vbo,134,38,0,0.0,0,0.0
P2_3,True,well group,GM,0,0,0,0.0,0,0.0
P2_3,True,well group,WM,0,0,0,0.0,0,0.0
P2_3,True,well group,core,15045,6755,5757,158880.00228733683,664,17918.05902240301
P2_3,True,well group,rim,8973,3714,2090,60160.67820714311,643,17947.546027996188
P2_3,True,well group,ring_0_10,8276,2344,1750,49774.593882243134,653,18136.410827261447
P2_3,True,well group,ring_10_20,6122,1932,1584,47858.78402422335,589,17173.908461895633
P2_3,True,well group,ring_20_40,9185,3246,2806,86928.115241454,611,17862.361345171455
P2_3,True,well group,ring_40_60,5719,1927,1648,52530.836243764505,620,17578.37717302498
P2_3,True,well group,ring_60_plus,738,188,118,3319.1376725939854,73,2075.293339883952
P2_3,True,whole section,all,54055,20104,15748,459225.023633957,3845,108431.96324509467
P3_1,False,manual annotation,manual:GM,2119,437,437,14824.671328113778,191,5985.650759030741
P3_1,False,manual annotation,manual:WM,1842,382,381,10191.195298685569,204,5378.049342703951
P3_1,False,manual annotation,manual:core,0,0,0,0.0,0,0.0
P3_1,False,manual annotation,manual:unannotated,4684,825,614,17162.705513534067,0,0.0
P3_1,False,manual annotation,manual:vbo,13,2,0,0.0,0,0.0
P3_1,False,well group,GM,2119,437,437,14824.671328113778,191,5985.650759030741
P3_1,False,well group,WM,1842,382,381,10191.195298685569,204,5378.049342703951
P3_1,False,whole section,all,8658,1646,1432,42178.57214033341,395,11363.70010173469
P3_1,True,manual annotation,manual:GM,0,0,0,0.0,0,0.0
P3_1,True,manual annotation,manual:WM,0,0,0,0.0,0,0.0
P3_1,True,manual annotation,manual:core,4517,2201,2175,64880.290113124865,577,16631.7280364727
P3_1,True,manual annotation,manual:unannotated,31074,8911,8445,264518.41523910227,1941,61032.394415503404
P3_1,True,manual annotation,manual:vbo,150,25,0,0.0,0,0.0
P3_1,True,well group,GM,0,0,0,0.0,0,0.0
P3_1,True,well group,WM,0,0,0,0.0,0,0.0
P3_1,True,well group,core,4607,2307,2276,65498.46034866068,421,11909.896678457051
P3_1,True,well group,rim,8167,3335,3155,91355.92204907461,438,11973.520970095375
P3_1,True,well group,ring_0_10,5967,1350,1203,37724.23759649816,394,11992.756221055799
P3_1,True,well group,ring_10_20,3688,898,840,27773.482934817886,340,11075.594090096696
P3_1,True,well group,ring_20_40,6044,1640,1574,54545.147496812395,361,11944.139652694288
P3_1,True,well group,ring_40_60,4739,1097,1072,36211.41681491846,355,11955.131224671672
P3_1,True,well group,ring_60_plus,2528,514,503,16376.70242895895,212,6910.21106343616
P3_1,True,whole section,all,35741,11137,10620,329398.70535222715,2518,77664.1224519761
R1_2,False,manual annotation,manual:GM,3033,601,601,20369.602326128217,183,5994.845631742591
R1_2,False,manual annotation,manual:WM,2269,554,547,16219.438399128674,215,5986.601952759553
R1_2,False,manual annotation,manual:core,0,0,0,0.0,0,0.0
R1_2,False,manual annotation,manual:unannotated,7279,1734,1598,43413.53866490787,0,0.0
R1_2,False,manual annotation,manual:vbo,45,8,0,0.0,0,0.0
R1_2,False,well group,GM,3033,601,601,20369.602326128217,183,5994.845631742591
R1_2,False,well group,WM,2269,554,547,16219.438399128674,215,5986.601952759553
R1_2,False,whole section,all,12626,2897,2746,80002.57939016476,398,11981.447584502142
R1_2,True,manual annotation,manual:GM,0,0,0,0.0,0,0.0
R1_2,True,manual annotation,manual:WM,0,0,0,0.0,0,0.0
R1_2,True,manual annotation,manual:core,6725,2956,2846,89907.04262370951,240,7316.7935384073135
R1_2,True,manual annotation,manual:unannotated,22882,9429,9106,285242.9185142695,754,24441.556990980982
R1_2,True,manual annotation,manual:vbo,63,14,0,0.0,0,0.0
R1_2,True,well group,GM,0,0,0,0.0,0,0.0
R1_2,True,well group,WM,0,0,0,0.0,0,0.0
R1_2,True,well group,core,5187,2873,2865,86907.08329122805,199,5942.635664850013
R1_2,True,well group,rim,10010,4513,4240,129704.14273167354,199,6072.737829313098
R1_2,True,well group,ring_0_10,7460,2392,2256,70952.6051896696,194,6024.649701912039
R1_2,True,well group,ring_10_20,3251,1111,1087,34989.5556261632,189,5962.927797731338
R1_2,True,well group,ring_20_40,3522,1428,1420,49623.03701478573,163,5940.310524624027
R1_2,True,well group,ring_40_60,242,88,88,3140.3132515772995,54,1965.9060610705528
R1_2,True,well group,ring_60_plus,0,0,0,0.0,0,0.0
R1_2,True,whole section,all,29670,12399,11952,375149.96113797906,994,31758.35052938829
R1_3,False,manual annotation,manual:GM,4467,1886,1886,56413.820421159915,216,5972.4397350194595
R1_3,False,manual annotation,manual:WM,1899,449,422,11093.666770944128,245,5976.4558863188895
R1_3,False,manual annotation,manual:core,0,0,0,0.0,0,0.0
R1_3,False,manual annotation,manual:unannotated,5171,1691,846,22427.245737933095,0,0.0
R1_3,False,manual annotation,manual:vbo,83,18,0,0.0,0,0.0
R1_3,False,well group,GM,4467,1886,1886,56413.820421159915,216,5972.4397350194595
R1_3,False,well group,WM,1899,449,422,11093.666770944128,245,5976.4558863188895
R1_3,False,whole section,all,11620,4044,3154,89934.73293003715,461,11948.89562133835
R1_3,True,manual annotation,manual:GM,0,0,0,0.0,0,0.0
R1_3,True,manual annotation,manual:WM,0,0,0,0.0,0,0.0
R1_3,True,manual annotation,manual:core,1027,648,317,7652.036483717554,218,5096.495998975552
R1_3,True,manual annotation,manual:unannotated,17906,4745,3489,101304.88001148935,1553,41649.39136253758
R1_3,True,manual annotation,manual:vbo,56,8,0,0.0,0,0.0
R1_3,True,well group,GM,0,0,0,0.0,0,0.0
R1_3,True,well group,WM,0,0,0,0.0,0,0.0
R1_3,True,well group,core,96,46,41,894.5448578517909,26,589.5287354793585
R1_3,True,well group,rim,867,451,228,5535.313372534228,159,3683.022117960682
R1_3,True,well group,ring_0_10,1522,439,234,6366.445315131875,167,4149.7411742311815
R1_3,True,well group,ring_10_20,1935,410,242,6979.331141063176,170,4250.039268524819
R1_3,True,well group,ring_20_40,4872,1225,871,25185.918927872543,405,11235.711701113409
R1_3,True,well group,ring_40_60,4561,1258,1092,31621.90707339979,432,11927.86367111239
R1_3,True,well group,ring_60_plus,5142,1574,1097,32377.26058226874,414,10980.79178179175
R1_3,True,whole section,all,18989,5401,3806,108956.9164952069,1771,46745.88736151313
