sample,scene,section,lesion_section,compartment,kind,n_cells_all,n_pu1_raw,n_pu1_eligible,area_pu1_eligible_um2,n_selected,area_selected_um2,frac_pu1,animal,level
CML_1,0,OS1_2_,False,GM,well group,1040,159,159,4674.800112535493,115,2944.155967057815,0.1528846153846154,OS1_2,
CML_1,0,OS1_2_,False,WM,well group,614,42,42,1143.9689911847574,31,736.0125697164309,0.0684039087947882,OS1_2,
CML_1,0,OS1_2_,False,manual:GM,manual annotation,1040,159,159,4674.800112535493,115,2944.155967057815,0.1528846153846154,OS1_2,
CML_1,0,OS1_2_,False,manual:WM,manual annotation,662,47,42,1143.9689911847574,31,736.0125697164309,0.0709969788519637,OS1_2,
CML_1,0,OS1_2_,False,manual:vbo,manual annotation,0,0,0,0.0,0,0.0,,OS1_2,
CML_1,0,OS1_2_,False,manual:core,manual annotation,0,0,0,0.0,0,0.0,,OS1_2,
CML_1,0,OS1_2_,False,manual:unannotated,manual annotation,904,57,42,1040.1831865521417,0,0.0,0.0630530973451327,OS1_2,
CML_1,0,OS1_2_,False,all,whole section,2606,263,243,6858.952290272393,146,3680.1685367742457,0.1009209516500383,OS1_2,
CML_1,0,OS1_2_C,False,GM,well group,2071,312,312,9165.91414721815,103,2990.8701479617007,0.1506518590053114,OS1_2,C
CML_1,0,OS1_2_C,False,WM,well group,790,60,60,1699.3604406189684,42,1265.933164856894,0.0759493670886076,OS1_2,C
CML_1,0,OS1_2_C,False,manual:GM,manual annotation,2071,312,312,9165.91414721815,103,2990.8701479617007,0.1506518590053114,OS1_2,C
CML_1,0,OS1_2_C,False,manual:WM,manual annotation,852,64,60,1699.3604406189684,42,1265.933164856894,0.0751173708920187,OS1_2,C
CML_1,0,OS1_2_C,False,manual:vbo,manual annotation,56,4,0,0.0,0,0.0,0.0714285714285714,OS1_2,C
CML_1,0,OS1_2_C,False,manual:core,manual annotation,0,0,0,0.0,0,0.0,,OS1_2,C
CML_1,0,OS1_2_C,False,manual:unannotated,manual annotation,1655,107,70,2096.53666649409,0,0.0,0.0646525679758308,OS1_2,C
CML_1,0,OS1_2_C,False,all,whole section,4634,487,442,12961.811254331207,145,4256.803312818594,0.1050927924039706,OS1_2,C
CML_1,0,OS1_2_L,False,GM,well group,1641,208,207,6355.24236677031,97,2978.0818767187816,0.1267519804996953,OS1_2,L
CML_1,0,OS1_2_L,False,WM,well group,624,76,76,2055.4239597709866,56,1333.256543218377,0.1217948717948717,OS1_2,L
CML_1,0,OS1_2_L,False,manual:GM,manual annotation,1645,209,207,6355.24236677031,97,2978.0818767187816,0.1270516717325228,OS1_2,L
CML_1,0,OS1_2_L,False,manual:WM,manual annotation,648,79,77,2062.5050686410327,56,1333.256543218377,0.1219135802469135,OS1_2,L
CML_1,0,OS1_2_L,False,manual:vbo,manual annotation,53,2,0,0.0,0,0.0,0.0377358490566037,OS1_2,L
CML_1,0,OS1_2_L,False,manual:core,manual annotation,0,0,0,0.0,0,0.0,,OS1_2,L
CML_1,0,OS1_2_L,False,manual:unannotated,manual annotation,2057,201,80,2318.2704934994135,0,0.0,0.0977151191054934,OS1_2,L
CML_1,0,OS1_2_L,False,all,whole section,4403,491,364,10736.017928910756,153,4311.3384199371585,0.1115148762207585,OS1_2,L
CML_1,0,P2_3_C,True,core,well group,1734,755,730,18967.75414624328,116,2972.057649769638,0.4354094579008074,P2_3,C
CML_1,0,P2_3_C,True,rim,well group,1352,613,603,15404.476749920836,117,2972.4804025379985,0.4534023668639053,P2_3,C
CML_1,0,P2_3_C,True,ring_0_10,well group,2648,1170,646,17737.437902120793,122,3000.4877734419124,0.4418429003021148,P2_3,C
CML_1,0,P2_3_C,True,ring_10_20,well group,1365,538,483,13459.285574499969,110,2989.3905132724367,0.3941391941391941,P2_3,C
CML_1,0,P2_3_C,True,ring_20_40,well group,2072,852,819,23704.276162959468,114,2964.659476323321,0.4111969111969112,P2_3,C
CML_1,0,P2_3_C,True,ring_40_60,well group,780,306,265,6729.167190385579,124,2985.1629855888273,0.3923076923076923,P2_3,C
CML_1,0,P2_3_C,True,ring_60_plus,well group,16,8,3,45.657298982983654,0,0.0,0.5,P2_3,C
CML_1,0,P2_3_C,True,GM,well group,0,0,0,0.0,0,0.0,,P2_3,C
CML_1,0,P2_3_C,True,WM,well group,0,0,0,0.0,0,0.0,,P2_3,C
CML_1,0,P2_3_C,True,manual:GM,manual annotation,0,0,0,0.0,0,0.0,,P2_3,C
CML_1,0,P2_3_C,True,manual:WM,manual annotation,0,0,0,0.0,0,0.0,,P2_3,C
CML_1,0,P2_3_C,True,manual:vbo,manual annotation,0,0,0,0.0,0,0.0,,P2_3,C
CML_1,0,P2_3_C,True,manual:core,manual annotation,1291,708,698,18081.558655566612,157,4035.069485813271,0.5484120836560805,P2_3,C
CML_1,0,P2_3_C,True,manual:unannotated,manual annotation,8683,3537,2856,78113.29726835963,545,13827.503235742364,0.4073476908902453,P2_3,C
CML_1,0,P2_3_C,True,all,whole section,9974,4245,3554,96194.85592392624,702,17862.572721555636,0.4256065771004612,P2_3,C
CML_1,0,P2_3_L,True,core,well group,3905,1241,1215,35409.56050152981,104,2964.23672355496,0.3177976952624839,P2_3,L
CML_1,0,P2_3_L,True,rim,well group,1286,379,339,9899.707264900686,99,2973.2202198826308,0.2947122861586314,P2_3,L
CML_1,0,P2_3_L,True,ring_0_10,well group,1950,402,252,7504.918520327939,101,2988.3336313515356,0.2061538461538461,P2_3,L
CML_1,0,P2_3_L,True,ring_10_20,well group,795,224,208,7061.873619085653,85,2989.7075778487083,0.2817610062893081,P2_3,L
CML_1,0,P2_3_L,True,ring_20_40,well group,1475,499,442,14134.844498340784,96,2973.00884349845,0.3383050847457627,P2_3,L
CML_1,0,P2_3_L,True,ring_40_60,well group,986,353,333,11562.499591056432,86,2994.780611069039,0.3580121703853955,P2_3,L
CML_1,0,P2_3_L,True,ring_60_plus,well group,46,11,3,141.72786559301178,0,0.0,0.2391304347826087,P2_3,L
CML_1,0,P2_3_L,True,GM,well group,0,0,0,0.0,0,0.0,,P2_3,L
CML_1,0,P2_3_L,True,WM,well group,0,0,0,0.0,0,0.0,,P2_3,L
CML_1,0,P2_3_L,True,manual:GM,manual annotation,0,0,0,0.0,0,0.0,,P2_3,L
CML_1,0,P2_3_L,True,manual:WM,manual annotation,0,0,0,0.0,0,0.0,,P2_3,L
CML_1,0,P2_3_L,True,manual:vbo,manual annotation,95,28,0,0.0,0,0.0,0.2947368421052631,P2_3,L
CML_1,0,P2_3_L,True,manual:core,manual annotation,2469,1082,978,29014.896439109845,42,1210.0241112411572,0.4382341028756581,P2_3,L
CML_1,0,P2_3_L,True,manual:unannotated,manual annotation,7887,2001,1814,56671.06548070756,529,16673.263495964165,0.2537086344617725,P2_3,L
CML_1,0,P2_3_L,True,all,whole section,10451,3111,2792,85685.9619198174,571,17883.287607205322,0.2976748636494115,P2_3,L
CML_1,0,P2_3_T,True,core,well group,3491,1870,1815,45666.5995438876,124,2986.0084911255494,0.535663133772558,P2_3,T
CML_1,0,P2_3_T,True,rim,well group,742,380,366,9227.31898682258,120,3024.9017458147578,0.5121293800539084,P2_3,T
CML_1,0,P2_3_T,True,ring_0_10,well group,1429,532,270,6523.709344962152,123,3012.1134745718387,0.3722883135059482,P2_3,T
CML_1,0,P2_3_T,True,ring_10_20,well group,602,244,220,5737.811948579127,112,2997.422815871296,0.4053156146179402,P2_3,T
CML_1,0,P2_3_T,True,ring_20_40,well group,1057,409,329,8586.425789987365,127,2972.3747143459086,0.3869441816461684,P2_3,T
CML_1,0,P2_3_T,True,ring_40_60,well group,756,257,223,6038.706231460041,126,2992.0327180746935,0.3399470899470899,P2_3,T
CML_1,0,P2_3_T,True,ring_60_plus,well group,143,51,39,857.6596788122972,32,610.8777502815869,0.3566433566433566,P2_3,T
CML_1,0,P2_3_T,True,GM,well group,0,0,0,0.0,0,0.0,,P2_3,T
CML_1,0,P2_3_T,True,WM,well group,0,0,0,0.0,0,0.0,,P2_3,T
CML_1,0,P2_3_T,True,manual:GM,manual annotation,0,0,0,0.0,0,0.0,,P2_3,T
CML_1,0,P2_3_T,True,manual:WM,manual annotation,0,0,0,0.0,0,0.0,,P2_3,T
CML_1,0,P2_3_T,True,manual:vbo,manual annotation,39,10,0,0.0,0,0.0,0.2564102564102564,P2_3,T
CML_1,0,P2_3_T,True,manual:core,manual annotation,2485,1442,1421,36101.50109514462,95,2211.208354912,0.5802816901408451,P2_3,T
CML_1,0,P2_3_T,True,manual:unannotated,manual annotation,5693,2288,1843,46571.92459733259,667,16327.02897867654,0.4018970665729843,P2_3,T
CML_1,0,P2_3_T,True,all,whole section,8217,3740,3264,82673.4256924772,762,18538.237333588535,0.4551539491298527,P2_3,T
CML_1,0,R1_3_C,False,GM,well group,2259,898,898,25401.62852792872,109,2980.618393328947,0.3975210270030987,R1_3,C
CML_1,0,R1_3_C,False,WM,well group,1091,267,267,6530.262012871746,136,2980.935457905218,0.2447296058661778,R1_3,C
CML_1,0,R1_3_C,False,manual:GM,manual annotation,2260,898,898,25401.62852792872,109,2980.618393328947,0.3973451327433628,R1_3,C
CML_1,0,R1_3_C,False,manual:WM,manual annotation,1121,272,267,6530.262012871746,136,2980.935457905218,0.2426404995539696,R1_3,C
CML_1,0,R1_3_C,False,manual:vbo,manual annotation,56,12,0,0.0,0,0.0,0.2142857142857142,R1_3,C
CML_1,0,R1_3_C,False,manual:core,manual annotation,0,0,0,0.0,0,0.0,,R1_3,C
CML_1,0,R1_3_C,False,manual:unannotated,manual annotation,2558,873,474,11560.385827214626,3,37.94206096039615,0.3412822517591868,R1_3,C
CML_1,0,R1_3_C,False,all,whole section,5995,2055,1639,43492.2763680151,248,5999.495912194561,0.3427856547122602,R1_3,C
CML_1,0,R1_3_L,True,core,well group,23,15,15,356.4862719203794,9,163.18256858733048,0.6521739130434783,R1_3,L
CML_1,0,R1_3_L,True,rim,well group,203,86,86,1922.151149545194,62,1371.938421523405,0.4236453201970443,R1_3,L
CML_1,0,R1_3_L,True,ring_0_10,well group,366,92,82,1714.685228472053,56,1071.5725796029428,0.2513661202185792,R1_3,L
CML_1,0,R1_3_L,True,ring_10_20,well group,459,116,110,2859.922477961893,73,1697.775117737615,0.2527233115468409,R1_3,L
CML_1,0,R1_3_L,True,ring_20_40,well group,968,307,275,7282.233499593804,119,2986.8539966622725,0.3171487603305785,R1_3,L
CML_1,0,R1_3_L,True,ring_40_60,well group,649,217,207,5595.661330217754,115,2996.788686718753,0.3343605546995377,R1_3,L
CML_1,0,R1_3_L,True,ring_60_plus,well group,2812,868,662,17829.06956466303,126,2976.1794892611574,0.3086770981507823,R1_3,L
CML_1,0,R1_3_L,True,GM,well group,0,0,0,0.0,0,0.0,,R1_3,L
CML_1,0,R1_3_L,True,WM,well group,0,0,0,0.0,0,0.0,,R1_3,L
CML_1,0,R1_3_L,True,manual:GM,manual annotation,0,0,0,0.0,0,0.0,,R1_3,L
CML_1,0,R1_3_L,True,manual:WM,manual annotation,0,0,0,0.0,0,0.0,,R1_3,L
CML_1,0,R1_3_L,True,manual:vbo,manual annotation,0,0,0,0.0,0,0.0,,R1_3,L
CML_1,0,R1_3_L,True,manual:core,manual annotation,267,172,168,3659.136586548288,89,1931.028957680774,0.6441947565543071,R1_3,L
CML_1,0,R1_3_L,True,manual:unannotated,manual annotation,5214,1531,1271,33961.52658170143,471,11333.261902412702,0.293632527809743,R1_3,L
CML_1,0,R1_3_L,True,all,whole section,5481,1703,1439,37620.663168249725,560,13264.290860093475,0.3107097245028279,R1_3,L
CML_1,0,R1_3_T,True,core,well group,41,21,21,465.87355073377773,13,309.3493382481323,0.5121951219512195,R1_3,T
CML_1,0,R1_3_T,True,rim,well group,167,64,61,1671.3530697150543,43,1050.5406293769852,0.3832335329341317,R1_3,T
CML_1,0,R1_3_T,True,ring_0_10,well group,497,142,86,2287.1981650248827,59,1568.729835195432,0.2857142857142857,R1_3,T
CML_1,0,R1_3_T,True,ring_10_20,well group,583,119,72,2003.7424338388591,48,1177.6835244615438,0.2041166380789022,R1_3,T
CML_1,0,R1_3_T,True,ring_20_40,well group,1288,276,214,6333.153534623449,107,2973.537284458901,0.2142857142857142,R1_3,T
CML_1,0,R1_3_T,True,ring_40_60,well group,1142,276,245,7062.824812814466,115,2992.2440944588734,0.2416812609457092,R1_3,T
CML_1,0,R1_3_T,True,ring_60_plus,well group,687,160,137,4280.054715078448,89,2934.855406153873,0.2328966521106259,R1_3,T
CML_1,0,R1_3_T,True,GM,well group,0,0,0,0.0,0,0.0,,R1_3,T
CML_1,0,R1_3_T,True,WM,well group,0,0,0,0.0,0,0.0,,R1_3,T
CML_1,0,R1_3_T,True,manual:GM,manual annotation,0,0,0,0.0,0,0.0,,R1_3,T
CML_1,0,R1_3_T,True,manual:WM,manual annotation,0,0,0,0.0,0,0.0,,R1_3,T
CML_1,0,R1_3_T,True,manual:vbo,manual annotation,22,5,0,0.0,0,0.0,0.2272727272727272,R1_3,T
CML_1,0,R1_3_T,True,manual:core,manual annotation,296,172,152,3671.5021050228456,105,2517.704111973696,0.581081081081081,R1_3,T
CML_1,0,R1_3_T,True,manual:unannotated,manual annotation,4085,880,683,20407.755763472793,368,10464.293587046748,0.215422276621787,R1_3,T
CML_1,0,R1_3_T,True,all,whole section,4403,1057,835,24079.25786849564,473,12981.997699020443,0.2400635930047694,R1_3,T
CML_2_rescan,0,CFA_L2_C,False,GM,well group,2657,336,336,12020.8692801518,89,2990.65877157752,0.1264584117425668,CFA_L2,C
CML_2_rescan,0,CFA_L2_C,False,WM,well group,1150,50,50,1476.6754198848328,36,1075.9057954786429,0.0434782608695652,CFA_L2,C
CML_2_rescan,0,CFA_L2_C,False,manual:GM,manual annotation,2658,336,336,12020.8692801518,89,2990.65877157752,0.1264108352144469,CFA_L2,C
CML_2_rescan,0,CFA_L2_C,False,manual:WM,manual annotation,1268,55,50,1476.6754198848328,36,1075.9057954786429,0.0433753943217665,CFA_L2,C
CML_2_rescan,0,CFA_L2_C,False,manual:vbo,manual annotation,42,2,0,0.0,0,0.0,0.0476190476190476,CFA_L2,C
CML_2_rescan,0,CFA_L2_C,False,manual:core,manual annotation,0,0,0,0.0,0,0.0,,CFA_L2,C
CML_2_rescan,0,CFA_L2_C,False,manual:unannotated,manual annotation,1299,66,36,1139.8471516932375,0,0.0,0.0508083140877598,CFA_L2,C
CML_2_rescan,0,CFA_L2_C,False,all,whole section,5267,459,422,14637.391851729872,125,4066.5645670561626,0.0871463831403075,CFA_L2,C
CML_2_rescan,0,CFA_L2_L,False,GM,well group,2329,303,303,10800.699102469982,86,2998.162633215927,0.1300987548303993,CFA_L2,L
CML_2_rescan,0,CFA_L2_L,False,WM,well group,1094,46,46,1520.2189550260116,31,879.5371345749768,0.0420475319926873,CFA_L2,L
CML_2_rescan,0,CFA_L2_L,False,manual:GM,manual annotation,2329,303,303,10800.699102469982,86,2998.162633215927,0.1300987548303993,CFA_L2,L
CML_2_rescan,0,CFA_L2_L,False,manual:WM,manual annotation,1235,55,47,1565.5591894327245,31,879.5371345749768,0.0445344129554655,CFA_L2,L
CML_2_rescan,0,CFA_L2_L,False,manual:vbo,manual annotation,47,0,0,0.0,0,0.0,0.0,CFA_L2,L
CML_2_rescan,0,CFA_L2_L,False,manual:core,manual annotation,0,0,0,0.0,0,0.0,,CFA_L2,L
CML_2_rescan,0,CFA_L2_L,False,manual:unannotated,manual annotation,1352,83,65,2186.1602533866135,0,0.0,0.0613905325443787,CFA_L2,L
CML_2_rescan,0,CFA_L2_L,False,all,whole section,4963,441,415,14552.418545289318,117,3877.699767790904,0.0888575458392101,CFA_L2,L
CML_2_rescan,0,CFA_L2_T,False,GM,well group,1064,130,130,4024.8177311805175,84,2297.7669842339064,0.1221804511278195,CFA_L2,T
CML_2_rescan,0,CFA_L2_T,False,WM,well group,613,32,32,1024.6470223148765,18,558.3507188127377,0.0522022838499184,CFA_L2,T
CML_2_rescan,0,CFA_L2_T,False,manual:GM,manual annotation,1068,130,130,4024.8177311805175,84,2297.7669842339064,0.1217228464419475,CFA_L2,T
CML_2_rescan,0,CFA_L2_T,False,manual:WM,manual annotation,652,36,34,1080.450387738523,18,558.3507188127377,0.0552147239263803,CFA_L2,T
CML_2_rescan,0,CFA_L2_T,False,manual:vbo,manual annotation,16,1,0,0.0,0,0.0,0.0625,CFA_L2,T
CML_2_rescan,0,CFA_L2_T,False,manual:core,manual annotation,0,0,0,0.0,0,0.0,,CFA_L2,T
CML_2_rescan,0,CFA_L2_T,False,manual:unannotated,manual annotation,811,43,33,847.3022359874537,0,0.0,0.0530209617755857,CFA_L2,T
CML_2_rescan,0,CFA_L2_T,False,all,whole section,2547,210,197,5952.570354906496,102,2856.117703046644,0.0824499411071849,CFA_L2,T
CML_2_rescan,0,P3_1_C,True,core,well group,1405,568,563,17652.8873484486,96,2999.3252033289195,0.4042704626334519,P3_1,C
CML_2_rescan,0,P3_1_C,True,rim,well group,2538,889,877,26934.847130581835,101,2992.8782236114157,0.3502758077226162,P3_1,C
CML_2_rescan,0,P3_1_C,True,ring_0_10,well group,3921,841,390,12348.502675631546,96,3031.982854684804,0.2144861004845702,P3_1,C
CML_2_rescan,0,P3_1_C,True,ring_10_20,well group,1440,337,276,9071.111838913206,95,2978.5046294871427,0.2340277777777777,P3_1,C
CML_2_rescan,0,P3_1_C,True,ring_20_40,well group,1982,507,474,16377.442246303584,87,2984.951609204647,0.2558022199798184,P3_1,C
CML_2_rescan,0,P3_1_C,True,ring_40_60,well group,925,232,232,8291.238669479324,79,2998.374009600108,0.2508108108108108,P3_1,C
CML_2_rescan,0,P3_1_C,True,ring_60_plus,well group,27,12,12,361.77068152489136,7,307.9753917509592,0.4444444444444444,P3_1,C
CML_2_rescan,0,P3_1_C,True,GM,well group,0,0,0,0.0,0,0.0,,P3_1,C
CML_2_rescan,0,P3_1_C,True,WM,well group,0,0,0,0.0,0,0.0,,P3_1,C
CML_2_rescan,0,P3_1_C,True,manual:GM,manual annotation,0,0,0,0.0,0,0.0,,P3_1,C
CML_2_rescan,0,P3_1_C,True,manual:WM,manual annotation,0,0,0,0.0,0,0.0,,P3_1,C
CML_2_rescan,0,P3_1_C,True,manual:vbo,manual annotation,59,11,0,0.0,0,0.0,0.1864406779661017,P3_1,C
CML_2_rescan,0,P3_1_C,True,manual:core,manual annotation,2339,1003,998,30844.147667807716,238,7341.418887164338,0.4288157332193245,P3_1,C
CML_2_rescan,0,P3_1_C,True,manual:unannotated,manual annotation,9838,2378,1830,60256.114644600595,321,10885.143967950084,0.2417157958934742,P3_1,C
CML_2_rescan,0,P3_1_C,True,all,whole section,12236,3392,2828,91100.2623124083,559,18226.562855114425,0.2772147760706113,P3_1,C
CML_2_rescan,0,P3_1_L,False,GM,well group,1115,271,271,9084.428551116576,95,2987.1710612385427,0.2430493273542601,P3_1,L
CML_2_rescan,0,P3_1_L,False,WM,well group,1134,251,251,6364.96568044261,115,2988.4393195436255,0.2213403880070546,P3_1,L
CML_2_rescan,0,P3_1_L,False,manual:GM,manual annotation,1115,271,271,9084.428551116576,95,2987.1710612385427,0.2430493273542601,P3_1,L
CML_2_rescan,0,P3_1_L,False,manual:WM,manual annotation,1174,259,253,6460.824870668459,115,2988.4393195436255,0.2206132879045996,P3_1,L
CML_2_rescan,0,P3_1_L,False,manual:vbo,manual annotation,13,2,0,0.0,0,0.0,0.1538461538461538,P3_1,L
CML_2_rescan,0,P3_1_L,False,manual:core,manual annotation,0,0,0,0.0,0,0.0,,P3_1,L
CML_2_rescan,0,P3_1_L,False,manual:unannotated,manual annotation,2375,391,303,8010.636519479737,0,0.0,0.1646315789473684,P3_1,L
CML_2_rescan,0,P3_1_L,False,all,whole section,4677,923,827,23555.889941264773,210,5975.610380782167,0.1973487278169766,P3_1,L
CML_2_rescan,0,P3_1_T,True,core,well group,647,262,262,7978.190244508034,96,2974.1714136114424,0.4049459041731066,P3_1,T
CML_2_rescan,0,P3_1_T,True,rim,well group,676,304,260,7508.511918859008,107,2967.301681125577,0.4497041420118343,P3_1,T
CML_2_rescan,0,P3_1_T,True,ring_0_10,well group,977,265,128,3917.9669689772854,87,2632.7985531599675,0.2712384851586489,P3_1,T
CML_2_rescan,0,P3_1_T,True,ring_10_20,well group,598,119,89,2736.3729814084027,55,1466.3179770599893,0.1989966555183946,P3_1,T
CML_2_rescan,0,P3_1_T,True,ring_20_40,well group,1251,220,184,6251.2451857535125,92,2981.7809634419395,0.17585931254996,P3_1,T
CML_2_rescan,0,P3_1_T,True,ring_40_60,well group,1392,237,224,7161.5375842267495,99,2995.8374929899414,0.1702586206896551,P3_1,T
CML_2_rescan,0,P3_1_T,True,ring_60_plus,well group,1614,262,228,7671.166046485887,87,2994.0407937244076,0.1623296158612144,P3_1,T
CML_2_rescan,0,P3_1_T,True,GM,well group,0,0,0,0.0,0,0.0,,P3_1,T
CML_2_rescan,0,P3_1_T,True,WM,well group,0,0,0,0.0,0,0.0,,P3_1,T
CML_2_rescan,0,P3_1_T,True,manual:GM,manual annotation,0,0,0,0.0,0,0.0,,P3_1,T
CML_2_rescan,0,P3_1_T,True,manual:WM,manual annotation,0,0,0,0.0,0,0.0,,P3_1,T
CML_2_rescan,0,P3_1_T,True,manual:vbo,manual annotation,46,3,0,0.0,0,0.0,0.0652173913043478,P3_1,T
CML_2_rescan,0,P3_1_T,True,manual:core,manual annotation,958,418,405,12068.11190201614,162,4788.09785445623,0.4363256784968685,P3_1,T
CML_2_rescan,0,P3_1_T,True,manual:unannotated,manual annotation,6145,1243,968,31108.36814803332,460,14192.233186645784,0.2022782750203417,P3_1,T
CML_2_rescan,0,P3_1_T,True,all,whole section,7149,1664,1373,43176.48005004946,622,18980.331041102017,0.2327598265491677,P3_1,T
CML_2_rescan,0,R1_2_C,False,GM,well group,0,0,0,0.0,0,0.0,,R1_2,C
CML_2_rescan,0,R1_2_C,False,WM,well group,0,0,0,0.0,0,0.0,,R1_2,C
CML_2_rescan,0,R1_2_C,False,manual:GM,manual annotation,0,0,0,0.0,0,0.0,,R1_2,C
CML_2_rescan,0,R1_2_C,False,manual:WM,manual annotation,0,0,0,0.0,0,0.0,,R1_2,C
CML_2_rescan,0,R1_2_C,False,manual:vbo,manual annotation,0,0,0,0.0,0,0.0,,R1_2,C
CML_2_rescan,0,R1_2_C,False,manual:core,manual annotation,0,0,0,0.0,0,0.0,,R1_2,C
CML_2_rescan,0,R1_2_C,False,manual:unannotated,manual annotation,822,120,49,1550.6571543480004,0,0.0,0.145985401459854,R1_2,C
CML_2_rescan,0,R1_2_C,False,all,whole section,822,120,49,1550.6571543480004,0,0.0,0.145985401459854,R1_2,C
CML_2_rescan,0,R1_2_L,False,GM,well group,1626,254,254,8553.134009478938,97,2997.317127679205,0.1562115621156211,R1_2,L
CML_2_rescan,0,R1_2_L,False,WM,well group,1498,357,356,10321.508839532837,108,2999.6422679051907,0.2383177570093458,R1_2,L
CML_2_rescan,0,R1_2_L,False,manual:GM,manual annotation,1626,254,254,8553.134009478938,97,2997.317127679205,0.1562115621156211,R1_2,L
CML_2_rescan,0,R1_2_L,False,manual:WM,manual annotation,1599,383,360,10389.99478800731,112,3068.128216379666,0.2395247029393371,R1_2,L
CML_2_rescan,0,R1_2_L,False,manual:vbo,manual annotation,45,8,0,0.0,0,0.0,0.1777777777777777,R1_2,L
CML_2_rescan,0,R1_2_L,False,manual:core,manual annotation,0,0,0,0.0,0,0.0,,R1_2,L
CML_2_rescan,0,R1_2_L,False,manual:unannotated,manual annotation,2507,541,298,8512.549743716287,3,73.03054073435581,0.2157957718388512,R1_2,L
CML_2_rescan,0,R1_2_L,False,all,whole section,5777,1186,912,27455.678541202535,212,6138.475884793227,0.2052968668859269,R1_2,L
CML_2_rescan,0,R1_2_T,True,core,well group,2354,924,924,29848.77627470184,97,2997.634192255476,0.3925233644859813,R1_2,T
CML_2_rescan,0,R1_2_T,True,rim,well group,3728,1386,1334,41977.3418225936,96,2989.813266040798,0.3717811158798283,R1_2,T
CML_2_rescan,0,R1_2_T,True,ring_0_10,well group,5187,1273,854,27571.407111541343,90,2970.7893914645547,0.2454212454212454,R1_2,T
CML_2_rescan,0,R1_2_T,True,ring_10_20,well group,1958,475,442,14739.698021673225,91,2988.0165667752635,0.2425944841675179,R1_2,T
CML_2_rescan,0,R1_2_T,True,ring_20_40,well group,1953,580,575,20009.099902908412,84,2979.033070447594,0.296979006656426,R1_2,T
CML_2_rescan,0,R1_2_T,True,ring_40_60,well group,215,73,73,2386.4393773976185,45,1489.7807557040226,0.3395348837209302,R1_2,T
CML_2_rescan,0,R1_2_T,True,ring_60_plus,well group,0,0,0,0.0,0,0.0,,R1_2,T
CML_2_rescan,0,R1_2_T,True,GM,well group,0,0,0,0.0,0,0.0,,R1_2,T
CML_2_rescan,0,R1_2_T,True,WM,well group,0,0,0,0.0,0,0.0,,R1_2,T
CML_2_rescan,0,R1_2_T,True,manual:GM,manual annotation,0,0,0,0.0,0,0.0,,R1_2,T
CML_2_rescan,0,R1_2_T,True,manual:WM,manual annotation,0,0,0,0.0,0,0.0,,R1_2,T
CML_2_rescan,0,R1_2_T,True,manual:vbo,manual annotation,63,14,0,0.0,0,0.0,0.2222222222222222,R1_2,T
CML_2_rescan,0,R1_2_T,True,manual:core,manual annotation,5072,1869,1819,58937.97151285112,155,4842.844337958975,0.368493690851735,R1_2,T
CML_2_rescan,0,R1_2_T,True,manual:unannotated,manual annotation,10260,2827,2384,77710.73094468791,348,11572.222904728736,0.2755360623781676,R1_2,T
CML_2_rescan,0,R1_2_T,True,all,whole section,15395,4710,4203,136648.70245753904,503,16415.06724268771,0.3059434881455017,R1_2,T
CML_metal,0,OS1_2_,False,GM,well group,751,161,161,5968.529271912121,82,2990.9758361537906,0.2143808255659121,OS1_2,
CML_metal,0,OS1_2_,False,WM,well group,248,25,24,880.6997046879695,16,581.2850564963198,0.1008064516129032,OS1_2,
CML_metal,0,OS1_2_,False,manual:GM,manual annotation,751,161,161,5968.529271912121,82,2990.9758361537906,0.2143808255659121,OS1_2,
CML_metal,0,OS1_2_,False,manual:WM,manual annotation,290,30,24,880.6997046879695,16,581.2850564963198,0.1034482758620689,OS1_2,
CML_metal,0,OS1_2_,False,manual:vbo,manual annotation,0,0,0,0.0,0,0.0,,OS1_2,
CML_metal,0,OS1_2_,False,manual:core,manual annotation,0,0,0,0.0,0,0.0,,OS1_2,
CML_metal,0,OS1_2_,False,manual:unannotated,manual annotation,1262,145,111,3789.6615037797337,0,0.0,0.1148969889064976,OS1_2,
CML_metal,0,OS1_2_,False,all,whole section,2303,336,296,10638.890480379823,98,3572.2608926501102,0.1458966565349544,OS1_2,
CML_metal,0,OS1_2_C,False,GM,well group,1920,602,602,20004.66099884062,91,2973.2202198826303,0.3135416666666666,OS1_2,C
CML_metal,0,OS1_2_C,False,WM,well group,814,61,61,1767.6350127092633,37,950.7709760437986,0.0749385749385749,OS1_2,C
CML_metal,0,OS1_2_C,False,manual:GM,manual annotation,1920,602,602,20004.66099884062,91,2973.2202198826303,0.3135416666666666,OS1_2,C
CML_metal,0,OS1_2_C,False,manual:WM,manual annotation,891,65,61,1767.6350127092633,37,950.7709760437986,0.0729517396184062,OS1_2,C
CML_metal,0,OS1_2_C,False,manual:vbo,manual annotation,71,7,0,0.0,0,0.0,0.0985915492957746,OS1_2,C
CML_metal,0,OS1_2_C,False,manual:core,manual annotation,0,0,0,0.0,0,0.0,,OS1_2,C
CML_metal,0,OS1_2_C,False,manual:unannotated,manual annotation,1469,189,141,4248.453945643465,0,0.0,0.1286589516678012,OS1_2,C
CML_metal,0,OS1_2_C,False,all,whole section,4351,863,804,26020.749957193348,128,3923.991195926429,0.1983452079981613,OS1_2,C
CML_metal,0,OS1_2_L,False,GM,well group,463,175,175,6696.826603605964,78,2979.2444468317744,0.3779697624190065,OS1_2,L
CML_metal,0,OS1_2_L,False,WM,well group,214,26,24,815.3844019762013,17,522.0996689257854,0.1214953271028037,OS1_2,L
CML_metal,0,OS1_2_L,False,manual:GM,manual annotation,463,175,175,6696.826603605964,78,2979.2444468317744,0.3779697624190065,OS1_2,L
CML_metal,0,OS1_2_L,False,manual:WM,manual annotation,255,30,24,815.3844019762013,17,522.0996689257854,0.1176470588235294,OS1_2,L
CML_metal,0,OS1_2_L,False,manual:vbo,manual annotation,0,0,0,0.0,0,0.0,,OS1_2,L
CML_metal,0,OS1_2_L,False,manual:core,manual annotation,0,0,0,0.0,0,0.0,,OS1_2,L
CML_metal,0,OS1_2_L,False,manual:unannotated,manual annotation,2815,523,407,14831.541060599644,0,0.0,0.1857904085257548,OS1_2,L
CML_metal,0,OS1_2_L,False,all,whole section,3533,728,606,22343.752066181813,95,3501.3441157575594,0.206057175205208,OS1_2,L
CML_metal,0,P2_3_C,True,core,well group,817,333,328,10983.222610209825,95,2958.4238729899967,0.4075887392900856,P2_3,C
CML_metal,0,P2_3_C,True,rim,well group,1190,537,537,17587.889110313103,98,3010.105398922124,0.4512605042016807,P2_3,C
CML_metal,0,P2_3_C,True,ring_0_10,well group,1644,701,264,8091.06523366041,109,2994.8862992611303,0.4263990267639903,P2_3,C
CML_metal,0,P2_3_C,True,ring_10_20,well group,1128,270,236,7244.291438633407,103,2992.1384062667835,0.2393617021276596,P2_3,C
CML_metal,0,P2_3_C,True,ring_20_40,well group,1948,532,463,16109.522679354825,85,2964.7651645154115,0.2731006160164271,P2_3,C
CML_metal,0,P2_3_C,True,ring_40_60,well group,1771,511,477,14865.14990568434,106,2979.033070447593,0.2885375494071146,P2_3,C
CML_metal,0,P2_3_C,True,ring_60_plus,well group,604,153,123,3520.262302141713,79,2220.825980392212,0.2533112582781457,P2_3,C
CML_metal,0,P2_3_C,True,GM,well group,0,0,0,0.0,0,0.0,,P2_3,C
CML_metal,0,P2_3_C,True,WM,well group,0,0,0,0.0,0,0.0,,P2_3,C
CML_metal,0,P2_3_C,True,manual:GM,manual annotation,0,0,0,0.0,0,0.0,,P2_3,C
CML_metal,0,P2_3_C,True,manual:WM,manual annotation,0,0,0,0.0,0,0.0,,P2_3,C
CML_metal,0,P2_3_C,True,manual:vbo,manual annotation,0,0,0,0.0,0,0.0,,P2_3,C
CML_metal,0,P2_3_C,True,manual:core,manual annotation,948,394,394,12934.966453540288,112,3502.6123740626417,0.4156118143459915,P2_3,C
CML_metal,0,P2_3_C,True,manual:unannotated,manual annotation,8158,2644,2035,65483.875378152225,562,16596.11111573829,0.3240990438833047,P2_3,C
CML_metal,0,P2_3_C,True,all,whole section,9106,3038,2429,78418.84183169251,674,20098.723489800937,0.3336261805403031,P2_3,C
CML_metal,0,P2_3_L,True,core,well group,1682,686,683,19038.248170367464,109,2984.423168244196,0.4078478002378121,P2_3,L
CML_metal,0,P2_3_L,True,rim,well group,1182,365,325,10331.126465013043,97,2982.8378453628425,0.3087986463620981,P2_3,L
CML_metal,0,P2_3_L,True,ring_0_10,well group,2203,393,272,8682.496356597392,97,3079.648229317502,0.1783931003177485,P2_3,L
CML_metal,0,P2_3_L,True,ring_10_20,well group,1343,333,311,10285.46916603006,95,2989.918954232888,0.2479523454951601,P2_3,L
CML_metal,0,P2_3_L,True,ring_20_40,well group,1536,471,410,13442.6925283418,92,2988.333631351534,0.306640625,P2_3,L
CML_metal,0,P2_3_L,True,ring_40_60,well group,1268,484,407,14669.098309356945,83,2988.8620723119852,0.3817034700315457,P2_3,L
CML_metal,0,P2_3_L,True,ring_60_plus,well group,197,76,63,2521.614575081035,43,1660.7842505060305,0.3857868020304568,P2_3,L
CML_metal,0,P2_3_L,True,GM,well group,0,0,0,0.0,0,0.0,,P2_3,L
CML_metal,0,P2_3_L,True,WM,well group,0,0,0,0.0,0,0.0,,P2_3,L
CML_metal,0,P2_3_L,True,manual:GM,manual annotation,0,0,0,0.0,0,0.0,,P2_3,L
CML_metal,0,P2_3_L,True,manual:WM,manual annotation,0,0,0,0.0,0,0.0,,P2_3,L
CML_metal,0,P2_3_L,True,manual:vbo,manual annotation,0,0,0,0.0,0,0.0,,P2_3,L
CML_metal,0,P2_3_L,True,manual:core,manual annotation,1432,640,572,17027.953068619012,143,4115.709576378124,0.4469273743016759,P2_3,L
CML_metal,0,P2_3_L,True,manual:unannotated,manual annotation,7969,2165,1897,61836.36449273386,470,15457.109469581774,0.2716777512862341,P2_3,L
CML_metal,0,P2_3_L,True,all,whole section,9401,2805,2469,78864.31756135287,613,19572.8190459599,0.298372513562387,P2_3,L
CML_metal,0,P2_3_T,True,core,well group,1828,1065,1052,27914.153918489996,116,2995.09767564531,0.5826039387308534,P2_3,T
CML_metal,0,P2_3_T,True,rim,well group,605,300,293,8536.64665151286,108,2997.6341922554757,0.4958677685950413,P2_3,T
CML_metal,0,P2_3_T,True,ring_0_10,well group,1569,800,209,6000.552794115464,108,3022.153852820412,0.5098789037603569,P2_3,T
CML_metal,0,P2_3_T,True,ring_10_20,well group,415,163,127,3325.37327592731,89,2093.577397115563,0.3927710843373494,P2_3,T
CML_metal,0,P2_3_T,True,ring_20_40,well group,791,356,321,9090.981219026173,111,2966.8789283572164,0.450063211125158,P2_3,T
CML_metal,0,P2_3_T,True,ring_40_60,well group,585,176,161,5406.162401799955,91,2994.6749228769495,0.3008547008547008,P2_3,T
CML_metal,0,P2_3_T,True,ring_60_plus,well group,442,105,84,1970.1335887541632,57,1149.993218133901,0.2375565610859728,P2_3,T
CML_metal,0,P2_3_T,True,GM,well group,0,0,0,0.0,0,0.0,,P2_3,T
CML_metal,0,P2_3_T,True,WM,well group,0,0,0,0.0,0,0.0,,P2_3,T
CML_metal,0,P2_3_T,True,manual:GM,manual annotation,0,0,0,0.0,0,0.0,,P2_3,T
CML_metal,0,P2_3_T,True,manual:WM,manual annotation,0,0,0,0.0,0,0.0,,P2_3,T
CML_metal,0,P2_3_T,True,manual:vbo,manual annotation,0,0,0,0.0,0,0.0,,P2_3,T
CML_metal,0,P2_3_T,True,manual:core,manual annotation,1004,606,599,15691.737256022108,5,84.33917728801148,0.603585657370518,P2_3,T
CML_metal,0,P2_3_T,True,manual:unannotated,manual annotation,5239,2365,1651,46615.89088524214,673,18094.6639913858,0.4514220271044092,P2_3,T
CML_metal,0,P2_3_T,True,all,whole section,6243,2971,2250,62307.62814126424,678,18179.003168673815,0.4758930001601794,P2_3,T
CML_metal,0,R1_3_C,False,GM,well group,2207,988,988,31012.191893231196,107,2991.821341690513,0.4476665156320797,R1_3,C
CML_metal,0,R1_3_C,False,WM,well group,744,167,166,4618.573994343486,103,2674.651077227703,0.2244623655913978,R1_3,C
CML_metal,0,R1_3_C,False,manual:GM,manual annotation,2207,988,988,31012.191893231196,107,2991.821341690513,0.4476665156320797,R1_3,C
CML_metal,0,R1_3_C,False,manual:WM,manual annotation,775,177,168,4701.856289710595,104,2710.4793743462938,0.2283870967741935,R1_3,C
CML_metal,0,R1_3_C,False,manual:vbo,manual annotation,27,6,0,0.0,0,0.0,0.2222222222222222,R1_3,C
CML_metal,0,R1_3_C,False,manual:core,manual annotation,0,0,0,0.0,0,0.0,,R1_3,C
CML_metal,0,R1_3_C,False,manual:unannotated,manual annotation,2429,777,423,12198.636819247586,4,90.15202785297468,0.3198847262247838,R1_3,C
CML_metal,0,R1_3_C,False,all,whole section,5438,1948,1579,47912.68500218938,215,5792.452743889782,0.3582199337991908,R1_3,C
CML_metal,0,R1_3_L,True,core,well group,0,0,0,0.0,0,0.0,,R1_3,L
CML_metal,0,R1_3_L,True,rim,well group,100,61,60,1595.5746359863526,40,1092.1817770605396,0.61,R1_3,L
CML_metal,0,R1_3_L,True,ring_0_10,well group,280,109,89,2547.613870335234,67,1541.8850344045109,0.3892857142857143,R1_3,L
CML_metal,0,R1_3_L,True,ring_10_20,well group,252,45,41,1188.3580318626582,28,794.9865809027849,0.1785714285714285,R1_3,L
CML_metal,0,R1_3_L,True,ring_20_40,well group,774,231,198,6548.017629142906,92,2979.9842641764058,0.2984496124031007,R1_3,L
CML_metal,0,R1_3_L,True,ring_40_60,well group,594,203,191,5803.655692251346,98,2974.277101803533,0.3417508417508417,R1_3,L
CML_metal,0,R1_3_L,True,ring_60_plus,well group,2774,977,763,22181.52069132329,116,2972.7974671142697,0.3521989906272531,R1_3,L
CML_metal,0,R1_3_L,True,GM,well group,0,0,0,0.0,0,0.0,,R1_3,L
CML_metal,0,R1_3_L,True,WM,well group,0,0,0,0.0,0,0.0,,R1_3,L
CML_metal,0,R1_3_L,True,manual:GM,manual annotation,0,0,0,0.0,0,0.0,,R1_3,L
CML_metal,0,R1_3_L,True,manual:WM,manual annotation,0,0,0,0.0,0,0.0,,R1_3,L
CML_metal,0,R1_3_L,True,manual:vbo,manual annotation,15,0,0,0.0,0,0.0,0.0,R1_3,L
CML_metal,0,R1_3_L,True,manual:core,manual annotation,236,160,139,3547.846920277265,63,1618.7203500541152,0.6779661016949152,R1_3,L
CML_metal,0,R1_3_L,True,manual:unannotated,manual annotation,4521,1466,1204,36336.44594616123,378,10737.391875407928,0.3242645432426454,R1_3,L
CML_metal,0,R1_3_L,True,all,whole section,4772,1626,1343,39884.29286643848,441,12356.112225462042,0.3407376362112322,R1_3,L
CML_metal,0,R1_3_T,True,core,well group,0,0,0,0.0,0,0.0,,R1_3,T
CML_metal,0,R1_3_T,True,rim,well group,64,48,37,867.8057452529603,25,416.93991779599656,0.75,R1_3,T
CML_metal,0,R1_3_T,True,ring_0_10,well group,271,113,56,1358.8330857042151,35,842.6519555354831,0.4169741697416974,R1_3,T
CML_metal,0,R1_3_T,True,ring_10_20,well group,266,50,35,836.2049758179785,20,443.3619658185566,0.18796992481203,R1_3,T
CML_metal,0,R1_3_T,True,ring_20_40,well group,1020,203,164,4734.61962925857,110,2967.618745701848,0.1990196078431372,R1_3,T
CML_metal,0,R1_3_T,True,ring_40_60,well group,1213,280,247,6883.577639029419,124,2996.0488693741227,0.2308326463314097,R1_3,T
CML_metal,0,R1_3_T,True,ring_60_plus,well group,1246,296,276,8000.913205807436,117,2989.1791368882564,0.2375601926163724,R1_3,T
CML_metal,0,R1_3_T,True,GM,well group,0,0,0,0.0,0,0.0,,R1_3,T
CML_metal,0,R1_3_T,True,WM,well group,0,0,0,0.0,0,0.0,,R1_3,T
CML_metal,0,R1_3_T,True,manual:GM,manual annotation,0,0,0,0.0,0,0.0,,R1_3,T
CML_metal,0,R1_3_T,True,manual:WM,manual annotation,0,0,0,0.0,0,0.0,,R1_3,T
CML_metal,0,R1_3_T,True,manual:vbo,manual annotation,19,3,0,0.0,0,0.0,0.1578947368421052,R1_3,T
CML_metal,0,R1_3_T,True,manual:core,manual annotation,228,144,118,3249.383465814427,79,1803.886062596216,0.631578947368421,R1_3,T
CML_metal,0,R1_3_T,True,manual:unannotated,manual annotation,3828,838,695,19375.393503135332,351,8834.370288631068,0.2189132706374085,R1_3,T
CML_metal,0,R1_3_T,True,all,whole section,4075,985,813,22624.77696894976,430,10638.256351227285,0.2417177914110429,R1_3,T
CML_metal,1,CFA_L2_C,False,GM,well group,1255,284,284,9970.941106369508,81,2980.089952368496,0.2262948207171314,CFA_L2,C
CML_metal,1,CFA_L2_C,False,WM,well group,437,49,49,1792.57742604256,32,1017.3545370606498,0.1121281464530892,CFA_L2,C
CML_metal,1,CFA_L2_C,False,manual:GM,manual annotation,1255,284,284,9970.941106369508,81,2980.089952368496,0.2262948207171314,CFA_L2,C
CML_metal,1,CFA_L2_C,False,manual:WM,manual annotation,469,53,49,1792.57742604256,32,1017.3545370606498,0.1130063965884861,CFA_L2,C
CML_metal,1,CFA_L2_C,False,manual:vbo,manual annotation,8,1,0,0.0,0,0.0,0.125,CFA_L2,C
CML_metal,1,CFA_L2_C,False,manual:core,manual annotation,0,0,0,0.0,0,0.0,,CFA_L2,C
CML_metal,1,CFA_L2_C,False,manual:unannotated,manual annotation,2163,574,484,16776.203795060057,0,0.0,0.2653721682847896,CFA_L2,C
CML_metal,1,CFA_L2_C,False,all,whole section,3895,912,817,28539.722327472125,113,3997.444489429146,0.2341463414634146,CFA_L2,C
CML_metal,1,CFA_L2_L,False,GM,well group,1761,435,435,15591.96760268892,78,2971.4235206170965,0.2470187393526405,CFA_L2,L
CML_metal,1,CFA_L2_L,False,WM,well group,344,20,20,691.6235290385303,10,351.62461508422837,0.0581395348837209,CFA_L2,L
CML_metal,1,CFA_L2_L,False,manual:GM,manual annotation,1769,438,436,15643.96619319732,78,2971.4235206170965,0.2475975127190503,CFA_L2,L
CML_metal,1,CFA_L2_L,False,manual:WM,manual annotation,404,23,20,691.6235290385303,10,351.62461508422837,0.0569306930693069,CFA_L2,L
CML_metal,1,CFA_L2_L,False,manual:vbo,manual annotation,53,2,0,0.0,0,0.0,0.0377358490566037,CFA_L2,L
CML_metal,1,CFA_L2_L,False,manual:core,manual annotation,0,0,0,0.0,0,0.0,,CFA_L2,L
CML_metal,1,CFA_L2_L,False,manual:unannotated,manual annotation,2477,359,246,8494.477062868857,0,0.0,0.1449333871618894,CFA_L2,L
CML_metal,1,CFA_L2_L,False,all,whole section,4703,822,702,24830.066785104704,88,3323.048135701325,0.1747820540080799,CFA_L2,L
CML_metal,1,CFA_L2_T,False,GM,well group,787,134,134,4688.433889315134,92,2966.2447992046746,0.170266836086404,CFA_L2,T
CML_metal,1,CFA_L2_T,False,WM,well group,242,12,12,414.0863366095601,8,262.6351573442463,0.0495867768595041,CFA_L2,T
CML_metal,1,CFA_L2_T,False,manual:GM,manual annotation,799,135,135,4701.116472365963,92,2966.2447992046746,0.1689612015018773,CFA_L2,T
CML_metal,1,CFA_L2_T,False,manual:WM,manual annotation,304,15,12,414.0863366095601,8,262.6351573442463,0.0493421052631578,CFA_L2,T
CML_metal,1,CFA_L2_T,False,manual:vbo,manual annotation,14,3,0,0.0,0,0.0,0.2142857142857142,CFA_L2,T
CML_metal,1,CFA_L2_T,False,manual:core,manual annotation,0,0,0,0.0,0,0.0,,CFA_L2,T
CML_metal,1,CFA_L2_T,False,manual:unannotated,manual annotation,851,53,30,1010.5904927668744,0,0.0,0.0622796709753231,CFA_L2,T
CML_metal,1,CFA_L2_T,False,all,whole section,1968,206,177,6125.793301742398,100,3228.8799565489207,0.1046747967479674,CFA_L2,T
CML_metal,1,P3_1_C,True,core,well group,1214,659,648,17401.6665158501,115,2988.4393195436246,0.542833607907743,P3_1,C
CML_metal,1,P3_1_C,True,rim,well group,1681,777,745,19754.7084245472,115,2985.0572973967364,0.4622248661511005,P3_1,C
CML_metal,1,P3_1_C,True,ring_0_10,well group,3031,1072,404,11935.89597371125,111,3021.2026590915993,0.3536786539096008,P3_1,C
CML_metal,1,P3_1_C,True,ring_10_20,well group,1069,367,301,9414.704151398577,102,2981.5695870577592,0.343311506080449,P3_1,C
CML_metal,1,P3_1_C,True,ring_20_40,well group,1776,704,593,20274.06020047864,89,2985.9028029334595,0.3963963963963964,P3_1,C
CML_metal,1,P3_1_C,True,ring_40_60,well group,1116,516,426,15729.362252406232,76,2996.260245758303,0.4623655913978494,P3_1,C
CML_metal,1,P3_1_C,True,ring_60_plus,well group,37,20,20,656.4293610724804,16,523.262239038778,0.5405405405405406,P3_1,C
CML_metal,1,P3_1_C,True,GM,well group,0,0,0,0.0,0,0.0,,P3_1,C
CML_metal,1,P3_1_C,True,WM,well group,0,0,0,0.0,0,0.0,,P3_1,C
CML_metal,1,P3_1_C,True,manual:GM,manual annotation,0,0,0,0.0,0,0.0,,P3_1,C
CML_metal,1,P3_1_C,True,manual:WM,manual annotation,0,0,0,0.0,0,0.0,,P3_1,C
CML_metal,1,P3_1_C,True,manual:vbo,manual annotation,45,11,0,0.0,0,0.0,0.2444444444444444,P3_1,C
CML_metal,1,P3_1_C,True,manual:core,manual annotation,504,313,310,9003.682772359633,44,1192.5855595462676,0.621031746031746,P3_1,C
CML_metal,1,P3_1_C,True,manual:unannotated,manual annotation,9389,3796,2834,86390.69078467513,579,17253.49167053958,0.4043029076578975,P3_1,C
CML_metal,1,P3_1_C,True,all,whole section,9938,4120,3144,95394.37355703476,623,18446.07723008585,0.414570336083719,P3_1,C
CML_metal,1,P3_1_L,False,GM,well group,1004,166,166,5740.242776997202,96,2998.479697792198,0.1653386454183266,P3_1,L
CML_metal,1,P3_1_L,False,WM,well group,638,120,120,3538.017918412873,87,2298.2954251943584,0.1880877742946708,P3_1,L
CML_metal,1,P3_1_L,False,manual:GM,manual annotation,1004,166,166,5740.242776997202,96,2998.479697792198,0.1653386454183266,P3_1,L
CML_metal,1,P3_1_L,False,manual:WM,manual annotation,662,123,121,3573.212086378923,87,2298.2954251943584,0.1858006042296072,P3_1,L
CML_metal,1,P3_1_L,False,manual:vbo,manual annotation,0,0,0,0.0,0,0.0,,P3_1,L
CML_metal,1,P3_1_L,False,manual:core,manual annotation,0,0,0,0.0,0,0.0,,P3_1,L
CML_metal,1,P3_1_L,False,manual:unannotated,manual annotation,2149,409,310,9058.217879478196,0,0.0,0.1903210795718939,P3_1,L
CML_metal,1,P3_1_L,False,all,whole section,3815,698,597,18371.672742854324,183,5296.775122986555,0.182961992136304,P3_1,L
CML_metal,1,P3_1_T,True,core,well group,469,291,291,7976.92198620295,110,2996.8943749108444,0.6204690831556503,P3_1,T
CML_metal,1,P3_1_T,True,rim,well group,591,338,316,8887.003008292008,113,3035.7876296000527,0.571912013536379,P3_1,T
CML_metal,1,P3_1_T,True,ring_0_10,well group,686,302,169,4889.6642070549515,106,3060.4129783570784,0.4402332361516035,P3_1,T
CML_metal,1,P3_1_T,True,ring_10_20,well group,631,157,124,3917.544216208925,80,2614.091743159995,0.2488114104595879,P3_1,T
CML_metal,1,P3_1_T,True,ring_20_40,well group,1056,232,191,6497.710049707952,88,2981.041146097308,0.2196969696969697,P3_1,T
CML_metal,1,P3_1_T,True,ring_40_60,well group,1104,193,186,5883.767341855749,100,2984.5288564362863,0.1748188405797101,P3_1,T
CML_metal,1,P3_1_T,True,ring_60_plus,well group,1396,363,290,9146.150455297276,92,2967.6187457018486,0.2600286532951289,P3_1,T
CML_metal,1,P3_1_T,True,GM,well group,0,0,0,0.0,0,0.0,,P3_1,T
CML_metal,1,P3_1_T,True,WM,well group,0,0,0,0.0,0,0.0,,P3_1,T
CML_metal,1,P3_1_T,True,manual:GM,manual annotation,0,0,0,0.0,0,0.0,,P3_1,T
CML_metal,1,P3_1_T,True,manual:WM,manual annotation,0,0,0,0.0,0,0.0,,P3_1,T
CML_metal,1,P3_1_T,True,manual:vbo,manual annotation,0,0,0,0.0,0,0.0,,P3_1,T
CML_metal,1,P3_1_T,True,manual:core,manual annotation,716,467,464,12920.698547608104,220,6060.372310838539,0.6522346368715084,P3_1,T
CML_metal,1,P3_1_T,True,manual:unannotated,manual annotation,5214,1408,1102,34239.59221509086,465,14459.73000082618,0.270042194092827,P3_1,T
CML_metal,1,P3_1_T,True,all,whole section,5930,1875,1566,47160.29076269896,685,20520.10231166472,0.3161888701517706,P3_1,T
CML_metal,1,R1_2_C,False,GM,well group,0,0,0,0.0,0,0.0,,R1_2,C
CML_metal,1,R1_2_C,False,WM,well group,0,0,0,0.0,0,0.0,,R1_2,C
CML_metal,1,R1_2_C,False,manual:GM,manual annotation,0,0,0,0.0,0,0.0,,R1_2,C
CML_metal,1,R1_2_C,False,manual:WM,manual annotation,0,0,0,0.0,0,0.0,,R1_2,C
CML_metal,1,R1_2_C,False,manual:vbo,manual annotation,0,0,0,0.0,0,0.0,,R1_2,C
CML_metal,1,R1_2_C,False,manual:core,manual annotation,0,0,0,0.0,0,0.0,,R1_2,C
CML_metal,1,R1_2_C,False,manual:unannotated,manual annotation,342,18,10,337.8851501124972,0,0.0,0.0526315789473684,R1_2,C
CML_metal,1,R1_2_C,False,all,whole section,342,18,10,337.8851501124972,0,0.0,0.0526315789473684,R1_2,C
CML_metal,1,R1_2_L,False,GM,well group,1407,347,347,11816.468316649278,86,2997.5285040633858,0.2466240227434257,R1_2,L
CML_metal,1,R1_2_L,False,WM,well group,665,169,169,5388.935226489244,106,2992.244094458874,0.2541353383458646,R1_2,L
CML_metal,1,R1_2_L,False,manual:GM,manual annotation,1407,347,347,11816.468316649278,86,2997.5285040633858,0.2466240227434257,R1_2,L
CML_metal,1,R1_2_L,False,manual:WM,manual annotation,665,169,169,5388.935226489244,106,2992.244094458874,0.2541353383458646,R1_2,L
CML_metal,1,R1_2_L,False,manual:vbo,manual annotation,0,0,0,0.0,0,0.0,,R1_2,L
CML_metal,1,R1_2_L,False,manual:core,manual annotation,0,0,0,0.0,0,0.0,,R1_2,L
CML_metal,1,R1_2_L,False,manual:unannotated,manual annotation,3304,1022,565,14841.792815232398,0,0.0,0.3093220338983051,R1_2,L
CML_metal,1,R1_2_L,False,all,whole section,5376,1538,1081,32047.19635837092,192,5989.772598522259,0.2860863095238095,R1_2,L
CML_metal,1,R1_2_T,True,core,well group,2547,1663,1655,49406.693285577014,100,2999.959332481461,0.6529250098154692,R1_2,T
CML_metal,1,R1_2_T,True,rim,well group,2338,1402,1359,40789.61791988347,96,2990.55308338543,0.5996578272027374,R1_2,T
CML_metal,1,R1_2_T,True,ring_0_10,well group,4744,2431,1119,34477.602023678075,97,3013.170356492741,0.5124367622259697,R1_2,T
CML_metal,1,R1_2_T,True,ring_10_20,well group,1688,825,628,20230.410977145373,100,2984.1061036679253,0.4887440758293839,R1_2,T
CML_metal,1,R1_2_T,True,ring_20_40,well group,1897,944,687,23590.34429188619,87,2974.3827899956236,0.4976278334211914,R1_2,T
CML_metal,1,R1_2_T,True,ring_40_60,well group,592,288,121,3708.281595870249,86,2635.229381578042,0.4864864864864865,R1_2,T
CML_metal,1,R1_2_T,True,ring_60_plus,well group,0,0,0,0.0,0,0.0,,R1_2,T
CML_metal,1,R1_2_T,True,GM,well group,0,0,0,0.0,0,0.0,,R1_2,T
CML_metal,1,R1_2_T,True,WM,well group,0,0,0,0.0,0,0.0,,R1_2,T
CML_metal,1,R1_2_T,True,manual:GM,manual annotation,0,0,0,0.0,0,0.0,,R1_2,T
CML_metal,1,R1_2_T,True,manual:WM,manual annotation,0,0,0,0.0,0,0.0,,R1_2,T
CML_metal,1,R1_2_T,True,manual:vbo,manual annotation,0,0,0,0.0,0,0.0,,R1_2,T
CML_metal,1,R1_2_T,True,manual:core,manual annotation,1653,1087,1069,32103.633852947107,178,5451.925388975029,0.6575922565033273,R1_2,T
CML_metal,1,R1_2_T,True,manual:unannotated,manual annotation,12139,6460,4499,140114.4296525622,387,12117.468287722282,0.5321690419309663,R1_2,T
CML_metal,1,R1_2_T,True,all,whole section,13792,7547,5568,172218.0635055093,565,17569.39367669731,0.5472012761020881,R1_2,T
