scene,band_um,n_pu1_in_band,pct_pu1_lesion_sections,n_manual_core_pu1_in_band,pct_manual_core_lost
CML_1 scene 0,0.0,0,0.0,0,0.0
CML_1 scene 0,25.0,1371,9.9,159,4.4
CML_1 scene 0,30.0,1836,13.3,258,7.2
CML_1 scene 0,40.0,2592,18.7,521,14.6
CML_1 scene 0,50.0,3238,23.4,780,21.8
CML_1 scene 0,60.0,3722,26.9,991,27.7
CML_1 scene 0,75.0,4326,31.2,1283,35.9
CML_1 scene 0,100.0,5180,37.4,1693,47.3
CML_2_rescan scene 0,0.0,0,0.0,0,0.0
CML_2_rescan scene 0,25.0,846,8.7,68,2.1
CML_2_rescan scene 0,30.0,1065,10.9,139,4.2
CML_2_rescan scene 0,40.0,1534,15.7,316,9.6
CML_2_rescan scene 0,50.0,1931,19.8,516,15.7
CML_2_rescan scene 0,60.0,2288,23.4,698,21.2
CML_2_rescan scene 0,75.0,2762,28.3,963,29.3
CML_2_rescan scene 0,100.0,3534,36.2,1389,42.2
CML_metal scene 0,0.0,0,0.0,0,0.0
CML_metal scene 0,25.0,1334,11.7,122,6.3
CML_metal scene 0,30.0,1697,14.9,191,9.8
CML_metal scene 0,40.0,2334,20.4,321,16.5
CML_metal scene 0,50.0,2804,24.5,412,21.2
CML_metal scene 0,60.0,3193,27.9,510,26.2
CML_metal scene 0,75.0,3682,32.2,643,33.1
CML_metal scene 0,100.0,4377,38.3,851,43.8
CML_metal scene 1,0.0,0,0.0,0,0.0
CML_metal scene 1,25.0,1793,13.2,24,1.3
CML_metal scene 1,30.0,2247,16.6,52,2.8
CML_metal scene 1,40.0,3107,22.9,151,8.1
CML_metal scene 1,50.0,3783,27.9,296,15.9
CML_metal scene 1,60.0,4407,32.5,435,23.3
CML_metal scene 1,75.0,5271,38.9,665,35.6
CML_metal scene 1,100.0,6494,48.0,1031,55.2
