scene,depth_um,median_eccentricity,pu1_fraction,meninges_fraction,n_cells
CML_1 scene 0,2.0,0.8036035002981217,0.21283422459893048,1.0,935
CML_1 scene 0,6.0,0.8057971921608806,0.24905123339658444,1.0,2108
CML_1 scene 0,10.0,0.8052596106021745,0.3170086035737922,0.7888815354070152,1511
CML_1 scene 0,14.0,0.786956697991523,0.36181277860326894,0.6203566121842496,1346
CML_1 scene 0,18.0,0.775057618122182,0.3527960526315789,0.6069078947368421,1216
CML_1 scene 0,22.0,0.772761903613632,0.3817733990147783,0.5533661740558292,1218
CML_1 scene 0,26.0,0.7604819932411594,0.33978702807357214,0.5275895450145208,1033
CML_1 scene 0,30.0,0.7618455998499587,0.34448818897637795,0.4655511811023622,1016
CML_1 scene 0,34.0,0.7517762080981222,0.36637931034482757,0.43103448275862066,928
CML_1 scene 0,38.0,0.7440554389921554,0.3252032520325203,0.37514518002322883,861
CML_1 scene 0,42.0,0.7351079569478038,0.27494199535962877,0.3433874709976798,862
CML_1 scene 0,46.0,0.7380648690779197,0.28535353535353536,0.2840909090909091,792
CML_1 scene 0,50.0,0.7162567639176617,0.28633093525179854,0.25611510791366904,695
CML_1 scene 0,54.0,0.73555652732427,0.24195804195804196,0.25034965034965034,715
CML_1 scene 0,58.0,0.7312402264076001,0.2539432176656151,0.18769716088328076,634
CML_1 scene 0,62.0,0.7325265271611459,0.280672268907563,0.17142857142857143,595
CML_1 scene 0,66.0,0.7292693639711885,0.2532467532467532,0.14772727272727273,616
CML_1 scene 0,70.0,0.7226545346118503,0.2946859903381642,0.1529790660225443,621
CML_1 scene 0,74.0,0.7387944021081392,0.2534013605442177,0.11564625850340136,588
CML_1 scene 0,78.0,0.7034583374103417,0.2701252236135957,0.11270125223613596,559
CML_1 scene 0,82.0,0.7281494874044191,0.27207207207207207,0.0018018018018018018,555
CML_1 scene 0,86.0,0.718405903189937,0.2808988764044944,0.0,534
CML_1 scene 0,90.0,0.7188923780913401,0.2777777777777778,0.0,504
CML_1 scene 0,94.0,0.7189398879882859,0.2832369942196532,0.0019267822736030828,519
CML_1 scene 0,98.0,0.7204332689628243,0.3054989816700611,0.0,491
CML_2_rescan scene 0,2.0,0.8045430030350731,0.12313803376365443,1.0,1007
CML_2_rescan scene 0,6.0,0.775265708647572,0.15048769159312586,1.0,2153
CML_2_rescan scene 0,10.0,0.7650937213151503,0.21359223300970873,0.8183079056865464,1442
CML_2_rescan scene 0,14.0,0.7553137672306223,0.2086824067022087,0.6176694592536177,1313
CML_2_rescan scene 0,18.0,0.7424816781611236,0.19728434504792333,0.5559105431309904,1252
CML_2_rescan scene 0,22.0,0.7397586629906991,0.23553382233088835,0.5297473512632437,1227
CML_2_rescan scene 0,26.0,0.732932392141095,0.2409972299168975,0.5060018467220684,1083
CML_2_rescan scene 0,30.0,0.7235722994780119,0.22805343511450382,0.46469465648854963,1048
CML_2_rescan scene 0,34.0,0.7326241155787323,0.23888314374353672,0.45398138572905894,967
CML_2_rescan scene 0,38.0,0.7241905307005065,0.25944841675178754,0.3861082737487232,979
CML_2_rescan scene 0,42.0,0.7312511106116275,0.21378504672897197,0.3492990654205608,856
CML_2_rescan scene 0,46.0,0.7258191692123732,0.22914349276974416,0.3414905450500556,899
CML_2_rescan scene 0,50.0,0.7211564261221366,0.23922114047287898,0.3157162726008345,719
CML_2_rescan scene 0,54.0,0.7216990052536356,0.23393939393939395,0.3212121212121212,825
CML_2_rescan scene 0,58.0,0.719463837191042,0.24320827943078913,0.2755498059508409,773
CML_2_rescan scene 0,62.0,0.7226323083748302,0.24353741496598638,0.2653061224489796,735
CML_2_rescan scene 0,66.0,0.7132846018481518,0.28530259365994237,0.2377521613832853,694
CML_2_rescan scene 0,70.0,0.704141465723313,0.23494860499265785,0.23494860499265785,681
CML_2_rescan scene 0,74.0,0.7092002140523065,0.24796084828711257,0.21207177814029363,613
CML_2_rescan scene 0,78.0,0.7127844110635363,0.2703150912106136,0.20563847429519072,603
CML_2_rescan scene 0,82.0,0.7203853207599773,0.281437125748503,0.016467065868263474,668
CML_2_rescan scene 0,86.0,0.703728836508621,0.25158227848101267,0.015822784810126583,632
CML_2_rescan scene 0,90.0,0.7144262953641193,0.2556131260794473,0.0069084628670120895,579
CML_2_rescan scene 0,94.0,0.7083848269938957,0.2533783783783784,0.010135135135135136,592
CML_2_rescan scene 0,98.0,0.721937010359813,0.24814814814814815,0.009259259259259259,540
CML_metal scene 0,2.0,0.779872417029746,0.22377622377622378,1.0,1001
CML_metal scene 0,6.0,0.7632687925409266,0.2544570502431118,1.0,1851
CML_metal scene 0,10.0,0.7654434607355456,0.3603672532517215,0.7467482785003825,1307
CML_metal scene 0,14.0,0.747321569533359,0.36666666666666664,0.5504504504504505,1110
CML_metal scene 0,18.0,0.75166186066479,0.3617224880382775,0.507177033492823,1045
CML_metal scene 0,22.0,0.7226638558288597,0.37168141592920356,0.5073746312684366,1017
CML_metal scene 0,26.0,0.7421283750817138,0.36732329084588644,0.4727694090382387,863
CML_metal scene 0,30.0,0.7224062222399801,0.3701923076923077,0.4338942307692308,832
CML_metal scene 0,34.0,0.7078296840681366,0.2967581047381546,0.3802992518703242,802
CML_metal scene 0,38.0,0.7026917355286186,0.32486631016042783,0.3422459893048128,748
CML_metal scene 0,42.0,0.6998210385315825,0.26570048309178745,0.3140096618357488,621
CML_metal scene 0,46.0,0.7017494780977198,0.28290468986384265,0.2617246596066566,661
CML_metal scene 0,50.0,0.6948262342451001,0.2901023890784983,0.27303754266211605,586
CML_metal scene 0,54.0,0.7034626105460988,0.2857142857142857,0.22757475083056478,602
CML_metal scene 0,58.0,0.6945118830950422,0.26194690265486725,0.22300884955752212,565
CML_metal scene 0,62.0,0.708329620907713,0.2692307692307692,0.20040485829959515,494
CML_metal scene 0,66.0,0.7011194162234314,0.2706333973128599,0.19769673704414586,521
CML_metal scene 0,70.0,0.6942223886141722,0.2603978300180832,0.19529837251356238,553
CML_metal scene 0,74.0,0.6949011543963011,0.284,0.194,500
CML_metal scene 0,78.0,0.7185552112899287,0.24893617021276596,0.19361702127659575,470
CML_metal scene 0,82.0,0.6879411735768666,0.2681912681912682,0.0,481
CML_metal scene 0,86.0,0.6937915896602822,0.2693208430913349,0.0,427
CML_metal scene 0,90.0,0.6894884046762846,0.2777777777777778,0.0,468
CML_metal scene 0,94.0,0.6857131658422251,0.3042505592841163,0.0,447
CML_metal scene 0,98.0,0.6764621486641047,0.19495412844036697,0.0,436
CML_metal scene 1,2.0,0.7472781636604534,0.2493368700265252,1.0,1131
CML_metal scene 1,6.0,0.7425237318624689,0.28565022421524666,1.0,2230
CML_metal scene 1,10.0,0.7335841780593391,0.39544513457556935,0.8336783988957902,1449
CML_metal scene 1,14.0,0.7181373112116335,0.39913544668587897,0.6563400576368876,1388
CML_metal scene 1,18.0,0.7135301534491658,0.3850528025995126,0.6222583265637693,1231
CML_metal scene 1,22.0,0.7204625916415905,0.38443396226415094,0.5691823899371069,1272
CML_metal scene 1,26.0,0.7053897524147552,0.4056603773584906,0.5509433962264151,1060
CML_metal scene 1,30.0,0.7105217140394476,0.418426103646833,0.4990403071017274,1042
CML_metal scene 1,34.0,0.7094844642496247,0.4002057613168724,0.4567901234567901,972
CML_metal scene 1,38.0,0.7011711908041918,0.4128540305010893,0.4117647058823529,918
CML_metal scene 1,42.0,0.6987923362309497,0.34075723830734966,0.4131403118040089,898
CML_metal scene 1,46.0,0.7055919264785933,0.40328253223915594,0.3669402110199297,853
CML_metal scene 1,50.0,0.7022690510833476,0.38011695906432746,0.33567251461988307,855
CML_metal scene 1,54.0,0.689996528110109,0.39580602883355176,0.3197903014416776,763
CML_metal scene 1,58.0,0.7092918725667666,0.36945169712793735,0.26370757180156656,766
CML_metal scene 1,62.0,0.7033251931427533,0.4101838755304102,0.2814710042432815,707
CML_metal scene 1,66.0,0.699170725694021,0.4331306990881459,0.24772036474164133,658
CML_metal scene 1,70.0,0.6941285614245608,0.41935483870967744,0.2457757296466974,651
CML_metal scene 1,74.0,0.6820220978059519,0.4016,0.1936,625
CML_metal scene 1,78.0,0.7011188458783207,0.4078549848942598,0.19637462235649547,662
CML_metal scene 1,82.0,0.7097278534155982,0.41086587436332767,0.030560271646859084,589
CML_metal scene 1,86.0,0.6917489836563583,0.39285714285714285,0.015306122448979591,588
CML_metal scene 1,90.0,0.7042052340525717,0.39194139194139194,0.01098901098901099,546
CML_metal scene 1,94.0,0.711784375028723,0.4280701754385965,0.008771929824561403,570
CML_metal scene 1,98.0,0.6872755198006857,0.38503649635036497,0.009124087591240875,548
