scene,section_id,section_name,lesion_section,pu1_meninges,pu1_buffer,pu1_parenchyma,pu1_excluded_now,pu1_recovered,pu1_recovered_lesion_est,pu1_recovered_manual_core,pu1_newly_excluded,pu1_newly_excluded_lesion_zone,pu1_meninges_near_lesion,meninges_thickness_median_um,meninges_thickness_p95_um,meninges_mean_thickness_um
CML_1 scene 0,1,P2_3_T,True,803,184,2753,511,55,33,5,531,520,634,13.4,71.6,21.0
CML_1 scene 0,2,R1_3_C,False,443,57,1555,383,7,0,0,124,0,0,9.5,41.5,15.0
CML_1 scene 0,3,R1_3_L,True,357,79,1267,317,16,0,1,135,38,0,9.5,40.3,13.5
CML_1 scene 0,4,OS1_2_L,False,123,22,346,81,1,0,0,65,0,0,9.5,51.5,14.5
CML_1 scene 0,5,OS1_2_,False,11,8,244,23,5,0,0,1,0,0,9.4,21.3,10.9
CML_1 scene 0,6,P2_3_C,True,894,141,3210,633,36,20,4,438,370,641,9.9,57.7,17.5
CML_1 scene 0,7,OS1_2_C,False,37,5,445,43,4,0,0,3,0,0,9.4,23.4,13.5
CML_1 scene 0,8,P2_3_L,True,538,148,2425,383,37,14,9,340,337,440,14.4,76.5,22.8
CML_1 scene 0,9,R1_3_T,True,294,59,704,267,19,8,0,105,56,66,9.5,40.5,14.4
CML_2_rescan scene 0,1,R1_2_T,True,733,165,3812,512,21,3,8,407,407,657,19.3,78.6,22.6
CML_2_rescan scene 0,2,P3_1_C,True,707,155,2530,363,28,8,3,527,527,588,17.3,79.1,23.7
CML_2_rescan scene 0,3,P3_1_L,False,117,26,780,119,16,0,0,40,0,0,9.5,38.7,12.7
CML_2_rescan scene 0,4,CFA_L2_L,False,19,5,417,31,8,0,0,1,0,0,9.4,22.7,11.7
CML_2_rescan scene 0,5,CFA_L2_T,False,10,2,198,16,4,0,0,0,0,0,9.4,32.5,12.9
CML_2_rescan scene 0,6,R1_2_C,False,66,5,49,120,49,0,0,0,0,0,9.9,97.9,32.2
CML_2_rescan scene 0,7,CFA_L2_C,False,27,9,423,38,4,0,0,2,0,0,9.4,23.1,10.8
CML_2_rescan scene 0,8,R1_2_L,False,391,86,709,242,13,0,0,248,0,0,12.0,68.3,18.6
CML_2_rescan scene 0,9,P3_1_T,True,421,52,1191,330,7,0,0,150,141,304,9.9,47.8,14.1
CML_metal scene 0,1,P2_3_T,True,828,122,2021,465,39,17,0,524,522,734,18.2,79.3,28.6
CML_metal scene 0,2,R1_3_C,False,372,51,1525,336,12,0,0,99,0,0,9.5,36.6,14.7
CML_metal scene 0,3,R1_3_L,True,312,105,1209,327,15,1,5,105,34,40,9.5,34.0,12.7
CML_metal scene 0,4,OS1_2_L,False,120,20,588,87,4,0,0,57,0,0,9.4,40.3,13.5
CML_metal scene 0,5,OS1_2_,False,33,6,297,40,3,0,0,2,0,0,9.4,36.1,14.5
CML_metal scene 0,6,P2_3_C,True,763,114,2161,525,26,4,1,378,327,552,9.9,64.6,17.9
CML_metal scene 0,7,OS1_2_C,False,39,8,816,53,10,0,0,4,0,0,9.4,28.6,12.6
CML_metal scene 0,8,P2_3_L,True,431,116,2258,363,34,18,11,218,216,281,10.4,79.0,22.1
CML_metal scene 0,9,R1_3_T,True,183,70,732,241,40,17,20,52,25,55,9.4,42.9,12.4
CML_metal scene 1,1,R1_2_T,True,2387,414,4746,1807,54,11,6,1048,1009,1505,22.1,79.1,30.9
CML_metal scene 1,2,P3_1_C,True,1258,194,2668,778,31,4,0,705,705,935,23.4,79.1,27.0
CML_metal scene 1,3,P3_1_L,False,81,23,594,99,25,0,0,30,0,0,9.5,47.1,15.6
CML_metal scene 1,4,CFA_L2_L,False,90,26,706,118,12,0,0,10,0,0,9.4,33.8,13.6
CML_metal scene 1,5,CFA_L2_T,False,19,7,180,21,1,0,0,6,0,0,9.4,42.8,13.9
CML_metal scene 1,6,R1_2_C,False,6,2,10,18,10,0,0,0,0,0,11.7,81.5,20.1
CML_metal scene 1,7,CFA_L2_C,False,58,31,823,100,20,0,0,9,0,0,9.4,24.7,12.2
CML_metal scene 1,8,R1_2_L,False,478,66,994,381,31,0,0,194,0,0,9.9,51.6,15.1
CML_metal scene 1,9,P3_1_T,True,382,64,1429,336,14,2,0,124,111,230,9.5,42.9,13.7
