animal,level,n_sections,n_cells,n_pu1_pos,area_pu1_um2,frac_pu1
CFA_L2,C,2,9425,1397,48523.351376086786,0.14822281167108753
CFA_L2,L,2,9944,1289,44694.47955304157,0.12962590506838295
CFA_L2,T,2,4667,425,13682.921788962916,0.09106492393400471
OS1_2,,2,5081,616,20062.2610635298,0.12123597716984845
OS1_2,C,2,9248,1385,43038.02851841124,0.1497621107266436
OS1_2,L,2,8107,1233,41263.94652598447,0.1520907857407179
P2_3,C,2,19295,7355,210880.70655957668,0.38118683596786734
P2_3,L,2,20138,6015,183980.9479087688,0.29868904558546033
P2_3,T,2,14622,6734,181164.3575895639,0.4605389139652578
P3_1,C,2,22451,7557,234566.69866530455,0.3365997060264576
P3_1,L,2,8658,1646,49435.75753840183,0.1901131901131901
P3_1,T,2,13290,3580,109248.93296995223,0.2693754702784048
R1_2,C,2,1272,140,4404.661093552841,0.11006289308176101
R1_2,L,2,11354,2757,79797.33292112552,0.24282191298220893
R1_2,T,2,29670,12399,389588.87056496344,0.417896865520728
R1_3,C,2,11620,4044,108858.3094119867,0.3480206540447504
R1_3,L,2,10362,3343,91108.82305596763,0.3226211156147462
R1_3,T,2,8627,2058,57265.35018483098,0.2385533789266257
unassigned,,4,915,50,1455.5377814667847,0.0546448087431694
