sample,scene,section,n_cells,n_pu1_pos,area_pu1_um2,frac_pu1,animal,level
CML_1,0,OS1_2_,2606,263,7401.766844847865,0.1009209516500383,OS1_2,
CML_1,0,OS1_2_C,4634,487,14208.72054461186,0.1050927924039706,OS1_2,C
CML_1,0,OS1_2_L,4403,491,14157.461771448094,0.1115148762207585,OS1_2,L
CML_1,0,P2_3_C,9974,4245,112931.74371152872,0.4256065771004612,P2_3,C
CML_1,0,P2_3_L,10451,3111,93881.86984003134,0.2976748636494115,P2_3,L
CML_1,0,P2_3_T,8217,3740,92848.45069777298,0.4551539491298527,P2_3,T
CML_1,0,R1_3_C,5995,2055,51808.77451540399,0.3427856547122602,R1_3,C
CML_1,0,R1_3_L,5481,1703,43673.00317648941,0.3107097245028279,R1_3,L
CML_1,0,R1_3_T,4403,1057,29610.872154306708,0.2400635930047694,R1_3,T
CML_1,0,unassigned,880,163,3965.2095908416222,0.1852272727272727,unassigned,
CML_2_rescan,0,CFA_L2_C,5267,459,15871.724247151786,0.0871463831403075,CFA_L2,C
CML_2_rescan,0,CFA_L2_L,4963,441,15280.081747830622,0.0888575458392101,CFA_L2,L
CML_2_rescan,0,CFA_L2_T,2547,210,6379.233586374793,0.0824499411071849,CFA_L2,T
CML_2_rescan,0,P3_1_C,12236,3392,109127.81430181682,0.2772147760706113,P3_1,C
CML_2_rescan,0,P3_1_L,4677,923,26303.36018284265,0.1973487278169766,P3_1,L
CML_2_rescan,0,P3_1_T,7149,1664,51417.62251647801,0.2327598265491677,P3_1,T
CML_2_rescan,0,R1_2_C,822,120,3693.273872593435,0.145985401459854,R1_2,C
CML_2_rescan,0,R1_2_L,5777,1186,34763.59427147427,0.2052968668859269,R1_2,L
CML_2_rescan,0,R1_2_T,15395,4710,153229.17172084795,0.3059434881455017,R1_2,T
CML_2_rescan,0,unassigned,1262,109,3306.983530503608,0.0863708399366085,unassigned,
CML_metal,0,OS1_2_,2303,336,12109.541673315514,0.1458966565349544,OS1_2,
CML_metal,0,OS1_2_C,4351,863,27792.50680939413,0.1983452079981613,OS1_2,C
CML_metal,0,OS1_2_L,3533,728,26676.12243634493,0.206057175205208,OS1_2,L
CML_metal,0,P2_3_C,9106,3038,96142.96302160992,0.3336261805403031,P2_3,C
CML_metal,0,P2_3_L,9401,2805,87640.03090337386,0.298372513562387,P2_3,L
CML_metal,0,P2_3_T,6243,2971,87719.29704744153,0.4758930001601794,P2_3,T
CML_metal,0,R1_3_C,5438,1948,56199.90752036928,0.3582199337991908,R1_3,C
CML_metal,0,R1_3_L,4772,1626,46944.26409806651,0.3407376362112322,R1_3,L
CML_metal,0,R1_3_T,4075,985,27053.74634668335,0.2417177914110429,R1_3,T
CML_metal,0,unassigned,1405,202,5903.108281008263,0.1437722419928825,unassigned,
CML_metal,1,CFA_L2_C,3895,912,31836.137038766712,0.2341463414634146,CFA_L2,C
CML_metal,1,CFA_L2_L,4703,822,28711.994080579218,0.1747820540080799,CFA_L2,L
CML_metal,1,CFA_L2_T,1968,206,7016.004943718489,0.1046747967479674,CFA_L2,T
CML_metal,1,P3_1_C,9938,4120,124154.8785177834,0.414570336083719,P3_1,C
CML_metal,1,P3_1_L,3815,698,22251.69765087121,0.182961992136304,P3_1,L
CML_metal,1,P3_1_T,5930,1875,56609.13220014269,0.3161888701517706,P3_1,T
CML_metal,1,R1_2_C,342,18,620.601063953889,0.0526315789473684,R1_2,C
CML_metal,1,R1_2_L,5376,1538,44111.39779727972,0.2860863095238095,R1_2,L
CML_metal,1,R1_2_T,13792,7547,231815.5293370035,0.5472012761020881,R1_2,T
CML_metal,1,unassigned,1221,256,7851.681478576016,0.2096642096642096,unassigned,
