scene,section_id,section_name,is_lesion_section,lesion_area_frac_unrestricted,area_mm2,n_cells,n_pu1_pos,frac_pu1_pos,n_lesions,lesion_area_mm2,lesion_frac_of_section,n_pu1_pos_core,n_pu1_pos_rim,n_pu1_pos_peri,n_pu1_pos_deep,n_auto_lesions_unrestricted,has_manual_core
CML_1 scene 0,1,P2_3_T,True,0.3262,1.859,8217,3740,0.4551539491298527,3,0.5036,0.270898332436794,1865,344,346,280,3,True
CML_1 scene 0,2,R1_3_C,False,0.0017,3.3658,5995,2055,0.3427856547122602,0,0.0,0.0,0,0,0,0,1,False
CML_1 scene 0,3,R1_3_L,True,0.0132,2.4525,5481,1703,0.3107097245028279,2,0.0324,0.0132110091743119,15,86,140,133,2,True
CML_1 scene 0,4,OS1_2_L,False,0.0211,2.5075,4403,491,0.1115148762207585,0,0.0,0.0,0,0,0,0,1,False
CML_1 scene 0,5,OS1_2_,False,0.0,1.8952,2606,263,0.1009209516500383,0,0.0,0.0,0,0,0,0,0,False
CML_1 scene 0,6,P2_3_C,True,0.1612,3.5418,9974,4245,0.4256065771004612,8,0.4863,0.1373030662375063,809,578,906,663,8,True
CML_1 scene 0,7,OS1_2_C,False,0.0,3.4738,4634,487,0.1050927924039706,0,0.0,0.0,0,0,0,0,0,False
CML_1 scene 0,8,P2_3_L,True,0.2414,2.7225,10451,3111,0.2976748636494115,4,0.5555,0.204040404040404,1182,312,364,301,4,True
CML_1 scene 0,9,R1_3_T,True,0.0191,2.1707,4403,1057,0.2400635930047694,3,0.037,0.0170451927949509,21,52,102,135,3,True
CML_2_rescan scene 0,1,R1_2_T,True,0.188,4.7851,15395,4710,0.3059434881455017,12,0.8204,0.1714488725418486,924,1358,1054,528,12,True
CML_2_rescan scene 0,2,P3_1_C,True,0.1547,4.0329,12236,3392,0.2772147760706113,8,0.5603,0.1389322819807087,659,1015,497,398,8,True
CML_2_rescan scene 0,3,P3_1_L,False,0.0232,2.2418,4677,923,0.1973487278169766,0,0.0,0.0,0,0,0,0,4,False
CML_2_rescan scene 0,4,CFA_L2_L,False,0.0,4.1352,4963,441,0.0888575458392101,0,0.0,0.0,0,0,0,0,0,False
CML_2_rescan scene 0,5,CFA_L2_T,False,0.0,1.975,2547,210,0.0824499411071849,0,0.0,0.0,0,0,0,0,0,False
CML_2_rescan scene 0,6,R1_2_C,False,0.0,0.3442,822,120,0.145985401459854,0,0.0,0.0,0,0,0,0,0,False
CML_2_rescan scene 0,7,CFA_L2_C,False,0.0,3.7187,5267,459,0.0871463831403075,0,0.0,0.0,0,0,0,0,0,False
CML_2_rescan scene 0,8,R1_2_L,False,0.0631,2.4878,5777,1186,0.2052968668859269,0,0.0,0.0,0,0,0,0,8,False
CML_2_rescan scene 0,9,P3_1_T,True,0.0513,3.5363,7149,1664,0.2327598265491677,4,0.1583,0.0447643016712382,258,223,170,130,4,True
CML_metal scene 0,1,P2_3_T,True,0.2916,1.6566,6243,2971,0.4758930001601794,4,0.4354,0.2628274779669202,1244,378,279,220,3,True
CML_metal scene 0,2,R1_3_C,False,0.0,3.5253,5438,1948,0.3582199337991908,0,0.0,0.0,0,0,0,0,0,False
CML_metal scene 0,3,R1_3_L,True,0.0083,2.5536,4772,1626,0.3407376362112322,2,0.0188,0.0073621553884711,0,73,96,122,2,True
CML_metal scene 0,4,OS1_2_L,False,0.006,2.9206,3533,728,0.206057175205208,0,0.0,0.0,0,0,0,0,1,False
CML_metal scene 0,5,OS1_2_,False,0.0,2.0312,2303,336,0.1458966565349544,0,0.0,0.0,0,0,0,0,0,False
CML_metal scene 0,6,P2_3_C,True,0.0969,3.8451,9106,3038,0.3336261805403031,3,0.3276,0.085199344620426,408,539,371,364,3,True
CML_metal scene 0,7,OS1_2_C,False,0.0,3.4083,4351,863,0.1983452079981613,0,0.0,0.0,0,0,0,0,0,False
CML_metal scene 0,8,P2_3_L,True,0.1239,2.7926,9401,2805,0.298372513562387,6,0.3127999999999999,0.1120103129699921,684,297,413,401,6,True
CML_metal scene 0,9,R1_3_T,True,0.0051,2.3245,4075,985,0.2417177914110429,2,0.0055,0.00236610023661,0,16,53,73,2,True
CML_metal scene 1,1,R1_2_T,True,0.2308,4.4353,13792,7547,0.5472012761020881,12,0.8747,0.1972132662954028,1773,1469,1389,713,13,True
CML_metal scene 1,2,P3_1_C,True,0.1348,4.027,9938,4120,0.414570336083719,8,0.482,0.1196920784703253,717,912,517,428,8,True
CML_metal scene 1,3,P3_1_L,False,0.0033,2.1634,3815,698,0.182961992136304,0,0.0,0.0,0,0,0,0,1,False
CML_metal scene 1,4,CFA_L2_L,False,0.0,3.8923,4703,822,0.1747820540080799,0,0.0,0.0,0,0,0,0,0,False
CML_metal scene 1,5,CFA_L2_T,False,0.0,1.5973,1968,206,0.1046747967479674,0,0.0,0.0,0,0,0,0,0,False
CML_metal scene 1,6,R1_2_C,False,0.0,0.2419,342,18,0.0526315789473684,0,0.0,0.0,0,0,0,0,0,False
CML_metal scene 1,7,CFA_L2_C,False,0.0054,3.0747,3895,912,0.2341463414634146,0,0.0,0.0,0,0,0,0,2,False
CML_metal scene 1,8,R1_2_L,False,0.0399,2.5018,5376,1538,0.2860863095238095,0,0.0,0.0,0,0,0,0,8,False
CML_metal scene 1,9,P3_1_T,True,0.0487,3.2159,5930,1875,0.3161888701517706,3,0.1475,0.0458658540377499,291,299,220,156,3,True
