sample,scene,section,lesion_section,compartment,kind,n_cells_all,n_pu1_raw,n_pu1_eligible,area_pu1_eligible_um2,n_selected,area_selected_um2,frac_pu1
CML_metal,0,OS1_2_,False,GM,well group,751,161,157,5834.5166443416965,81,2974.805542763984,0.21438082556591212
CML_metal,0,OS1_2_,False,WM,well group,259,26,16,617.8531709595427,10,389.8837406208952,0.10038610038610038
CML_metal,0,OS1_2_,False,manual:GM,manual annotation,751,161,157,5834.5166443416965,81,2974.805542763984,0.21438082556591212
CML_metal,0,OS1_2_,False,manual:WM,manual annotation,290,30,16,617.8531709595427,10,389.8837406208952,0.10344827586206896
CML_metal,0,OS1_2_,False,manual:vbo,manual annotation,0,0,0,0.0,0,0.0,
CML_metal,0,OS1_2_,False,manual:core,manual annotation,0,0,0,0.0,0,0.0,
CML_metal,0,OS1_2_,False,manual:unannotated,manual annotation,1262,145,90,3087.8919083005408,0,0.0,0.11489698890649762
CML_metal,0,OS1_2_,False,all,whole section,2303,336,263,9540.26172360178,91,3364.689283384879,0.1458966565349544
CML_metal,0,OS1_2_C,False,GM,well group,1920,602,599,19882.591136976393,94,2992.244094458874,0.31354166666666666
CML_metal,0,OS1_2_C,False,WM,well group,816,63,51,1465.1554069469964,31,833.4570828236322,0.07720588235294118
CML_metal,0,OS1_2_C,False,manual:GM,manual annotation,1920,602,599,19882.591136976393,94,2992.244094458874,0.31354166666666666
CML_metal,0,OS1_2_C,False,manual:WM,manual annotation,891,65,51,1465.1554069469964,31,833.4570828236322,0.07295173961840629
CML_metal,0,OS1_2_C,False,manual:vbo,manual annotation,71,7,0,0.0,0,0.0,0.09859154929577464
CML_metal,0,OS1_2_C,False,manual:core,manual annotation,0,0,0,0.0,0,0.0,
CML_metal,0,OS1_2_C,False,manual:unannotated,manual annotation,1469,189,110,3212.1812221986634,0,0.0,0.12865895166780122
CML_metal,0,OS1_2_C,False,all,whole section,4351,863,760,24559.92776612205,125,3825.7011772825053,0.19834520799816135
CML_metal,0,OS1_2_L,False,GM,well group,463,175,175,6696.826603605964,78,2979.2444468317744,0.3779697624190065
CML_metal,0,OS1_2_L,False,WM,well group,225,28,11,365.2583918638693,9,284.30123672274544,0.12444444444444444
CML_metal,0,OS1_2_L,False,manual:GM,manual annotation,463,175,175,6696.826603605964,78,2979.2444468317744,0.3779697624190065
CML_metal,0,OS1_2_L,False,manual:WM,manual annotation,255,30,11,365.2583918638693,9,284.30123672274544,0.11764705882352941
CML_metal,0,OS1_2_L,False,manual:vbo,manual annotation,0,0,0,0.0,0,0.0,
CML_metal,0,OS1_2_L,False,manual:core,manual annotation,0,0,0,0.0,0,0.0,
CML_metal,0,OS1_2_L,False,manual:unannotated,manual annotation,2815,523,350,12920.698547608106,0,0.0,0.18579040852575487
CML_metal,0,OS1_2_L,False,all,whole section,3533,728,536,19982.783543077938,87,3263.5456835545197,0.20605717520520803
CML_metal,0,P2_3_C,True,core,well group,901,408,235,7687.547716259874,101,2987.6995021989937,0.4528301886792453
CML_metal,0,P2_3_C,True,rim,well group,1161,539,281,8862.800412303342,95,2980.9354579052174,0.46425495262704564
CML_metal,0,P2_3_C,True,ring_0_10,well group,1568,623,229,7100.978250159043,106,2999.6422679051907,0.39732142857142855
CML_metal,0,P2_3_C,True,ring_10_20,well group,1138,270,168,5267.6051819696495,102,2973.960037227262,0.23725834797891038
CML_metal,0,P2_3_C,True,ring_20_40,well group,1947,531,377,13008.736811619276,90,2999.5365797131003,0.2727272727272727
CML_metal,0,P2_3_C,True,ring_40_60,well group,1769,512,417,13206.796483596383,107,2991.292900730062,0.28942905596382135
CML_metal,0,P2_3_C,True,ring_60_plus,well group,617,156,97,2745.1451013518927,68,1611.3221766077984,0.25283630470016205
CML_metal,0,P2_3_C,True,GM,well group,0,0,0,0.0,0,0.0,
CML_metal,0,P2_3_C,True,WM,well group,0,0,0,0.0,0,0.0,
CML_metal,0,P2_3_C,True,manual:GM,manual annotation,0,0,0,0.0,0,0.0,
CML_metal,0,P2_3_C,True,manual:WM,manual annotation,0,0,0,0.0,0,0.0,
CML_metal,0,P2_3_C,True,manual:vbo,manual annotation,0,0,0,0.0,0,0.0,
CML_metal,0,P2_3_C,True,manual:core,manual annotation,948,394,264,8216.728494055704,120,3594.983853949512,0.41561181434599154
CML_metal,0,P2_3_C,True,manual:unannotated,manual annotation,8158,2644,1540,49661.190452130315,548,15927.950365343793,0.32409904388330474
CML_metal,0,P2_3_C,True,all,whole section,9106,3038,1804,57877.91894618602,668,19522.934219293304,0.3336261805403031
CML_metal,0,P2_3_L,True,core,well group,1898,684,526,14764.64043500652,110,2985.0572973967373,0.36037934668071653
CML_metal,0,P2_3_L,True,rim,well group,1068,297,171,4959.735478410781,103,2997.3171276792054,0.27808988764044945
CML_metal,0,P2_3_L,True,ring_0_10,well group,2095,462,185,5838.532795641126,96,3083.3473160406606,0.22052505966587113
CML_metal,0,P2_3_L,True,ring_10_20,well group,1343,333,270,8948.724912472706,94,2979.5615114080447,0.2479523454951601
CML_metal,0,P2_3_L,True,ring_20_40,well group,1536,471,367,12158.052553484935,90,2989.6018896566175,0.306640625
CML_metal,0,P2_3_L,True,ring_40_60,well group,1268,484,372,13788.187228284794,81,2951.554140504131,0.38170347003154576
CML_metal,0,P2_3_L,True,ring_60_plus,well group,197,76,60,2340.8877666067247,40,1524.9749236700723,0.38578680203045684
CML_metal,0,P2_3_L,True,GM,well group,0,0,0,0.0,0,0.0,
CML_metal,0,P2_3_L,True,WM,well group,0,0,0,0.0,0,0.0,
CML_metal,0,P2_3_L,True,manual:GM,manual annotation,0,0,0,0.0,0,0.0,
CML_metal,0,P2_3_L,True,manual:WM,manual annotation,0,0,0,0.0,0,0.0,
CML_metal,0,P2_3_L,True,manual:vbo,manual annotation,0,0,0,0.0,0,0.0,
CML_metal,0,P2_3_L,True,manual:core,manual annotation,1432,640,345,9923.80417269726,108,2978.0818767187816,0.44692737430167595
CML_metal,0,P2_3_L,True,manual:unannotated,manual annotation,7969,2165,1604,52795.690853142645,503,16434.091117263953,0.27167775128623417
CML_metal,0,P2_3_L,True,all,whole section,9401,2805,1949,62719.495025839904,611,19412.172993982735,0.298372513562387
CML_metal,0,P2_3_T,True,core,well group,2074,1244,797,20714.77996149494,117,2972.2690261538182,0.5998071359691417
CML_metal,0,P2_3_T,True,rim,well group,676,378,152,4271.388283327048,104,2747.3645533857875,0.5591715976331361
CML_metal,0,P2_3_T,True,ring_0_10,well group,1274,557,175,4912.915609314803,108,2984.106103667925,0.43720565149136575
CML_metal,0,P2_3_T,True,ring_10_20,well group,399,152,113,3033.3568011819766,81,1910.6311366073578,0.38095238095238093
CML_metal,0,P2_3_T,True,ring_20_40,well group,791,356,302,8618.132247614438,110,2966.9846165493063,0.450063211125158
CML_metal,0,P2_3_T,True,ring_40_60,well group,585,176,147,5021.2460062073005,92,2988.5450077357154,0.30085470085470084
CML_metal,0,P2_3_T,True,ring_60_plus,well group,442,105,55,1316.4521206760292,37,768.3531564960444,0.23755656108597284
CML_metal,0,P2_3_T,True,GM,well group,0,0,0,0.0,0,0.0,
CML_metal,0,P2_3_T,True,WM,well group,0,0,0,0.0,0,0.0,
CML_metal,0,P2_3_T,True,manual:GM,manual annotation,0,0,0,0.0,0,0.0,
CML_metal,0,P2_3_T,True,manual:WM,manual annotation,0,0,0,0.0,0,0.0,
CML_metal,0,P2_3_T,True,manual:vbo,manual annotation,0,0,0,0.0,0,0.0,
CML_metal,0,P2_3_T,True,manual:core,manual annotation,1004,606,416,10610.354668515458,4,122.70399101676858,0.603585657370518
CML_metal,0,P2_3_T,True,manual:unannotated,manual annotation,5239,2365,1323,37197.27627073623,644,17176.867731274157,0.45142202710440926
CML_metal,0,P2_3_T,True,all,whole section,6243,2971,1739,47807.63093925168,648,17299.571722290926,0.4758930001601794
CML_metal,0,R1_3_C,False,GM,well group,2207,988,988,31012.191893231196,107,2991.821341690513,0.44766651563207976
CML_metal,0,R1_3_C,False,WM,well group,752,170,111,3160.288319882355,70,1826.5033357035272,0.22606382978723405
CML_metal,0,R1_3_C,False,manual:GM,manual annotation,2207,988,988,31012.191893231196,107,2991.821341690513,0.44766651563207976
CML_metal,0,R1_3_C,False,manual:WM,manual annotation,775,177,111,3160.288319882355,70,1826.5033357035272,0.22838709677419355
CML_metal,0,R1_3_C,False,manual:vbo,manual annotation,27,6,0,0.0,0,0.0,0.2222222222222222
CML_metal,0,R1_3_C,False,manual:core,manual annotation,0,0,0,0.0,0,0.0,
CML_metal,0,R1_3_C,False,manual:unannotated,manual annotation,2429,777,262,8025.749930948641,0,0.0,0.31988472622478387
CML_metal,0,R1_3_C,False,all,whole section,5438,1948,1361,42198.230144062196,177,4818.32467739404,0.35821993379919087
CML_metal,0,R1_3_L,True,core,well group,0,0,0,0.0,0,0.0,
CML_metal,0,R1_3_L,True,rim,well group,113,73,39,1143.863302992667,26,756.6217671740278,0.6460176991150443
CML_metal,0,R1_3_L,True,ring_0_10,well group,263,94,64,2010.9292309009957,51,1373.2066798284877,0.3574144486692015
CML_metal,0,R1_3_L,True,ring_10_20,well group,252,45,36,1083.0925925407792,24,701.3468427108323,0.17857142857142858
CML_metal,0,R1_3_L,True,ring_20_40,well group,773,231,154,5040.798321743994,87,2965.5049818600432,0.2988357050452781
CML_metal,0,R1_3_L,True,ring_40_60,well group,594,203,183,5527.069693551189,99,2990.0246424249785,0.34175084175084175
CML_metal,0,R1_3_L,True,ring_60_plus,well group,2775,977,535,16355.776166925085,103,2988.967760504076,0.3520720720720721
CML_metal,0,R1_3_L,True,GM,well group,0,0,0,0.0,0,0.0,
CML_metal,0,R1_3_L,True,WM,well group,0,0,0,0.0,0,0.0,
CML_metal,0,R1_3_L,True,manual:GM,manual annotation,0,0,0,0.0,0,0.0,
CML_metal,0,R1_3_L,True,manual:WM,manual annotation,0,0,0,0.0,0,0.0,
CML_metal,0,R1_3_L,True,manual:vbo,manual annotation,15,0,0,0.0,0,0.0,0.0
CML_metal,0,R1_3_L,True,manual:core,manual annotation,236,160,54,1592.9324311840965,35,965.4616347443421,0.6779661016949152
CML_metal,0,R1_3_L,True,manual:unannotated,manual annotation,4521,1466,957,29568.596877470613,355,10810.211039758102,0.3242645432426454
CML_metal,0,R1_3_L,True,all,whole section,4772,1626,1011,31161.52930865471,390,11775.672674502446,0.3407376362112322
CML_metal,0,R1_3_T,True,core,well group,0,0,0,0.0,0,0.0,
CML_metal,0,R1_3_T,True,rim,well group,28,16,0,0.0,0,0.0,0.5714285714285714
CML_metal,0,R1_3_T,True,ring_0_10,well group,300,140,4,144.6871349715385,0,0.0,0.4666666666666667
CML_metal,0,R1_3_T,True,ring_10_20,well group,266,50,12,303.6421758752594,7,169.6295483048351,0.18796992481203006
CML_metal,0,R1_3_T,True,ring_20_40,well group,1015,203,94,2571.499401747628,59,1482.8053350260666,0.2
CML_metal,0,R1_3_T,True,ring_40_60,well group,1205,278,164,4628.508684399969,116,2983.1549099391136,0.23070539419087138
CML_metal,0,R1_3_T,True,ring_60_plus,well group,1261,298,268,7868.168836542094,111,2981.358210673579,0.23632038065027755
CML_metal,0,R1_3_T,True,GM,well group,0,0,0,0.0,0,0.0,
CML_metal,0,R1_3_T,True,WM,well group,0,0,0,0.0,0,0.0,
CML_metal,0,R1_3_T,True,manual:GM,manual annotation,0,0,0,0.0,0,0.0,
CML_metal,0,R1_3_T,True,manual:WM,manual annotation,0,0,0,0.0,0,0.0,
CML_metal,0,R1_3_T,True,manual:vbo,manual annotation,19,3,0,0.0,0,0.0,0.15789473684210525
CML_metal,0,R1_3_T,True,manual:core,manual annotation,228,144,14,354.4781962706649,13,303.2194231068985,0.631578947368421
CML_metal,0,R1_3_T,True,manual:unannotated,manual annotation,3828,838,528,15162.028037265824,280,7313.728580836694,0.21891327063740856
CML_metal,0,R1_3_T,True,all,whole section,4075,985,542,15516.50623353649,293,7616.948003943593,0.24171779141104294
