lesion_id,area_um2,area_mm2,centroid_x_um,centroid_y_um,equiv_diameter_um,mean_score,max_score,mean_pu1_density,mean_nuclei_density,mean_pu1_fraction,core_area_um2,rim_area_um2,section_id,section_name
1,173300.0,0.1733,5977.230236583959,2617.951529140219,469.7365358396169,0.8533695275882938,0.9997361,3071.641026571178,4942.075009213386,0.613741394074336,100200.0,73100.0,1,P2_3_T
2,337200.0,0.3372,6365.824436536181,3455.6761565836296,655.237647334688,0.9228738039399995,0.99998534,3471.6848362462233,6361.826293655703,0.5525783811025278,215300.0,121900.0,1,P2_3_T
3,5000.0,0.005,2248.0,3500.7999999999997,79.78845608028654,0.6405374348163605,0.9216589,1014.7913793945313,3604.44400390625,0.28139843374490736,0.0,5000.0,3,R1_3_L
4,11900.0,0.0119,1935.0420168067228,3609.831932773109,123.09163489997376,0.7049848442318059,0.987704,2292.866129899225,5332.584236722033,0.43731015344627766,0.0,11900.0,3,R1_3_L
5,11000.0,0.011,1347.0,3996.090909090909,118.34540545406395,0.7613989133726466,0.9858101,2014.2880404385653,3036.1530695134943,0.6623118964108554,0.0,11000.0,3,R1_3_L
6,268700.0,0.2687,2248.1838481577965,4685.630815035355,584.9097927632416,0.8909466603519911,0.9998805,2351.1365251274947,5738.393537605833,0.4240519487124684,101900.0,166800.0,6,P2_3_C
7,5300.0,0.0053,508.86792452830184,5346.226415094339,82.14724333230154,0.6086934310085369,0.9359925,2606.4046838148583,4380.051808483196,0.6026753861949129,0.0,5300.0,6,P2_3_C
8,101300.0,0.1013,739.9210266535044,5793.168805528135,359.1366952591617,0.8821498220391123,0.9993912,3692.813211032457,5871.8511045856985,0.5717360472043669,41000.0,60300.0,6,P2_3_C
9,19400.0,0.0194,1303.144329896907,6297.938144329897,157.1650316319192,0.8424661088850081,0.99875647,3755.9476846911243,7362.889205460696,0.5058656686667314,500.0,18900.0,6,P2_3_C
10,18700.0,0.0187,2755.882352941176,6519.090909090909,154.30353037616328,0.8464167121259923,0.99586064,1868.2546615192598,7062.122516815675,0.2669541787176846,1700.0,17000.0,8,P2_3_L
11,14100.0,0.0141,2607.659574468085,6746.0283687943265,133.98760233979036,0.7417176921739645,0.9849741,2247.7467976022276,6845.135981133643,0.3304703725990674,900.0,13200.0,8,P2_3_L
12,8500.0,0.0085,3984.5882352941176,6750.588235294117,104.03141895720198,0.5594568575129789,0.91504276,2250.038765222886,6586.300775505515,0.3469516258029377,0.0,8500.0,8,P2_3_L
13,50900.0,0.0509,4000.7858546168964,7148.546168958743,254.5739437315213,0.9045997330505393,0.9996774,3338.87436830412,6984.123944775295,0.47343031379937656,14200.0,36700.0,8,P2_3_L
14,28200.0,0.0282,2642.0212765957444,7336.241134751773,189.48708441878455,0.7293252567661569,0.9996668,1325.1885088115719,8974.774833083999,0.17037664293080357,3500.0,24700.0,8,P2_3_L
15,8000.0,0.008,770.625,7520.375,100.92530088080642,0.7335410170257092,0.9794258,2724.2023956298826,4240.40146484375,0.6423088379204274,0.0,8000.0,9,R1_3_T
16,232200.0,0.2322,2731.9939707149006,8078.2558139534885,543.7335949594294,0.9524054649341323,0.9999898,3121.620886711495,9248.202563539648,0.38068283063702085,155800.0,76400.0,8,P2_3_L
17,10600.0,0.0106,1138.0188679245284,7988.679245283019,116.17374563210365,0.7162757493414968,0.9692726,3423.2917181051002,6049.572516675265,0.5642120039687967,0.0,10600.0,9,R1_3_T
