section,group,well_group,n_cells,area_um2,n_available,note
OS1_2_,core,0,0,0.0,0,too few cells
OS1_2_,rim,0,0,0.0,0,too few cells
OS1_2_,ring_0_10,0,0,0.0,0,too few cells
OS1_2_,ring_10_20,0,0,0.0,0,too few cells
OS1_2_,ring_20_40,0,0,0.0,0,too few cells
OS1_2_,ring_40_60,0,0,0.0,0,too few cells
OS1_2_,ring_60_plus,0,0,0.0,0,too few cells
OS1_2_,GM,1,82,2991.0,105,
OS1_2_,WM,2,16,581.3,16,short: 581 µm²
OS1_2_C,core,0,0,0.0,0,too few cells
OS1_2_C,rim,0,0,0.0,0,too few cells
OS1_2_C,ring_0_10,0,0,0.0,0,too few cells
OS1_2_C,ring_10_20,0,0,0.0,0,too few cells
OS1_2_C,ring_20_40,0,0,0.0,0,too few cells
OS1_2_C,ring_40_60,0,0,0.0,0,too few cells
OS1_2_C,ring_60_plus,0,0,0.0,0,too few cells
OS1_2_C,GM,3,91,2973.2,408,
OS1_2_C,WM,4,37,950.8,37,short: 951 µm²
OS1_2_L,core,0,0,0.0,0,too few cells
OS1_2_L,rim,0,0,0.0,0,too few cells
OS1_2_L,ring_0_10,0,0,0.0,0,too few cells
OS1_2_L,ring_10_20,0,0,0.0,0,too few cells
OS1_2_L,ring_20_40,0,0,0.0,0,too few cells
OS1_2_L,ring_40_60,0,0,0.0,0,too few cells
OS1_2_L,ring_60_plus,0,0,0.0,0,too few cells
OS1_2_L,GM,5,78,2979.2,110,
OS1_2_L,WM,6,17,522.1,17,short: 522 µm²
P2_3_C,core,7,95,2958.4,225,
P2_3_C,rim,8,100,2996.5,343,
P2_3_C,ring_0_10,9,108,2991.1,178,
P2_3_C,ring_10_20,10,101,2972.8,158,
P2_3_C,ring_20_40,11,85,2983.0,298,
P2_3_C,ring_40_60,12,108,2999.3,324,
P2_3_C,ring_60_plus,13,74,2062.6,74,short: 2063 µm²
P2_3_C,GM,0,0,0.0,0,too few cells
P2_3_C,WM,0,0,0.0,0,too few cells
P2_3_L,core,14,109,2984.4,436,
P2_3_L,rim,15,98,2993.8,192,
P2_3_L,ring_0_10,16,94,2978.6,172,
P2_3_L,ring_10_20,17,94,2966.4,214,
P2_3_L,ring_20_40,18,91,2970.9,273,
P2_3_L,ring_40_60,19,84,2980.8,257,
P2_3_L,ring_60_plus,20,42,1604.2,42,short: 1604 µm²
P2_3_L,GM,0,0,0.0,0,too few cells
P2_3_L,WM,0,0,0.0,0,too few cells
P2_3_T,core,21,115,2980.6,697,
P2_3_T,rim,22,109,2974.9,160,
P2_3_T,ring_0_10,23,108,2977.6,135,
P2_3_T,ring_10_20,24,85,2003.5,85,short: 2004 µm²
P2_3_T,ring_20_40,25,111,2980.2,211,
P2_3_T,ring_40_60,26,93,2994.7,106,
P2_3_T,ring_60_plus,27,46,945.7,46,short: 946 µm²
P2_3_T,GM,0,0,0.0,0,too few cells
P2_3_T,WM,0,0,0.0,0,too few cells
R1_3_C,core,0,0,0.0,0,too few cells
R1_3_C,rim,0,0,0.0,0,too few cells
R1_3_C,ring_0_10,0,0,0.0,0,too few cells
R1_3_C,ring_10_20,0,0,0.0,0,too few cells
R1_3_C,ring_20_40,0,0,0.0,0,too few cells
R1_3_C,ring_40_60,0,0,0.0,0,too few cells
R1_3_C,ring_60_plus,0,2,0.0,2,too few cells
R1_3_C,GM,28,107,2991.8,660,
R1_3_C,WM,29,103,2674.7,103,short: 2675 µm²
R1_3_L,core,0,0,0.0,0,too few cells
R1_3_L,rim,30,36,1050.3,36,short: 1050 µm²
R1_3_L,ring_0_10,31,59,1533.0,59,short: 1533 µm²
R1_3_L,ring_10_20,32,28,795.0,28,short: 795 µm²
R1_3_L,ring_20_40,33,91,2988.8,123,
R1_3_L,ring_40_60,34,98,2974.3,120,
R1_3_L,ring_60_plus,35,114,2990.1,443,
R1_3_L,GM,0,0,0.0,0,too few cells
R1_3_L,WM,0,0,0.0,0,too few cells
R1_3_T,core,0,0,0.0,0,too few cells
R1_3_T,rim,36,5,109.1,5,short: 109 µm²
R1_3_T,ring_0_10,37,19,476.8,19,short: 477 µm²
R1_3_T,ring_10_20,38,15,355.7,15,short: 356 µm²
R1_3_T,ring_20_40,39,96,2523.7,96,short: 2524 µm²
R1_3_T,ring_40_60,40,121,2992.0,158,
R1_3_T,ring_60_plus,41,117,2989.2,175,
R1_3_T,GM,0,0,0.0,0,too few cells
R1_3_T,WM,0,0,0.0,0,too few cells
