section_id,lesion_id,zone,n_cells,n_pu1
1,1,peri,264,164
1,1,rim,272,176
1,1,core,67,52
1,1,deep,33,15
1,2,peri,517,272
1,2,rim,701,425
1,2,core,296,209
1,2,deep,254,143
1,3,peri,363,165
1,3,rim,435,175
1,3,core,291,157
1,3,deep,140,80
1,6,peri,562,173
1,6,rim,850,325
1,6,core,517,272
1,6,deep,102,59
1,7,peri,837,515
1,7,rim,998,757
1,7,core,1125,902
1,7,deep,496,241
1,10,peri,333,131
1,10,rim,669,277
1,10,core,216,129
1,10,deep,260,141
1,14,peri,281,91
1,14,rim,245,132
1,14,core,4,3
1,14,deep,57,30
1,16,peri,500,199
1,16,rim,549,271
1,16,core,448,242
1,16,deep,339,167
1,18,peri,211,79
1,18,rim,308,190
1,18,core,14,10
1,18,deep,22,11
2,4,peri,511,104
2,4,rim,756,398
2,4,core,852,584
2,4,deep,407,152
2,5,peri,537,117
2,5,rim,975,325
2,5,core,639,318
2,5,deep,242,98
2,8,peri,242,50
2,8,rim,311,113
2,8,core,105,43
2,8,deep,111,67
2,9,peri,232,86
2,9,rim,148,87
2,9,core,3,3
2,9,deep,33,16
2,11,peri,357,78
2,11,rim,214,70
2,11,deep,403,113
2,12,peri,206,100
2,12,rim,197,111
2,12,core,41,19
2,12,deep,33,11
2,13,peri,203,55
2,13,rim,289,125
2,13,core,102,44
2,13,deep,124,56
2,15,peri,133,43
2,15,rim,67,40
2,15,deep,168,65
2,17,peri,119,13
2,17,rim,133,74
2,17,deep,43,6
9,19,peri,178,39
9,19,rim,173,70
9,19,core,10,3
9,19,deep,254,43
9,20,peri,500,181
9,20,rim,522,349
9,20,core,473,284
9,20,deep,546,133
9,21,peri,268,82
9,21,rim,80,42
9,21,deep,158,36
