sample,scene,section_name,n_cells,n_pu1_pos,area_pu1_um2,frac_pu1
CML_metal,1,CFA_L2_C,4024,929,32300.742331195404,0.2308648111332008
CML_metal,1,CFA_L2_L,4878,843,29284.295640747867,0.17281672816728166
CML_metal,1,CFA_L2_T,2057,211,7200.536527108048,0.10257656781720953
CML_metal,1,P3_1_C,10081,4148,124928.62177207605,0.4114671163575042
CML_metal,1,P3_1_L,3904,708,22603.21657776335,0.18135245901639344
CML_metal,1,P3_1_T,6037,1900,57374.94884002856,0.31472585721384794
CML_metal,1,R1_2_C,376,19,667.315244857775,0.05053191489361702
CML_metal,1,R1_2_L,5476,1557,44593.335953211215,0.28433162892622355
CML_metal,1,R1_2_T,14083,7664,235678.0100051334,0.5442022296385713
CML_metal,1,unassigned,64,13,348.03121655316016,0.203125
