section_id,section_name,is_lesion_section,lesion_area_frac_unrestricted,area_mm2,n_cells,n_pu1_pos,frac_pu1_pos,n_lesions,lesion_area_mm2,lesion_frac_of_section,n_pu1_pos_core,n_pu1_pos_rim,n_pu1_pos_peri,n_pu1_pos_deep,n_auto_lesions_unrestricted,has_manual_core
1,R1_2_T,True,0.2308,4.4353,13792,7547,0.5472012761020881,16,0.8574,0.19331274096453455,1663,1402,1426,700,13,True
2,P3_1_C,True,0.1348,4.027,9938,4120,0.41457033608371907,12,0.4496,0.1116463868885026,659,777,542,438,8,True
3,P3_1_L,False,0.0033,2.1634,3815,698,0.18296199213630407,0,0.0,0.0,0,0,0,0,1,False
4,CFA_L2_L,False,0.0,3.8923,4703,822,0.17478205400807995,0,0.0,0.0,0,0,0,0,0,False
5,CFA_L2_T,False,0.0,1.5973,1968,206,0.10467479674796748,0,0.0,0.0,0,0,0,0,0,False
6,R1_2_C,False,0.0,0.2419,342,18,0.05263157894736842,0,0.0,0.0,0,0,0,0,0,False
7,CFA_L2_C,False,0.0054,3.0747,3895,912,0.23414634146341465,0,0.0,0.0,0,0,0,0,2,False
8,R1_2_L,False,0.0399,2.5018,5376,1538,0.28608630952380953,0,0.0,0.0,0,0,0,0,8,False
9,P3_1_T,True,0.0487,3.2159,5930,1875,0.31618887015177066,4,0.1508,0.04689200534842501,291,338,240,157,3,True
