scene,lesion,section,annotated_section,overlaps_core,core_frac,area_um2,pu1_dens,nuc_dens,frac,score,score_max,z_nuc,z_frac,rel_radius,kind
CML_1/scene0,1,R1_3_C,False,False,0.0,80300.0,2694.508056640625,4515.51806640625,0.5866935849189758,6.5644402503967285,14.033544540405273,3.2854244709014893,1.8069666624069214,0.9738258621933741,FP-control-section
CML_1/scene0,2,R1_3_C,False,False,0.0,27000.0,2001.146484375,4559.85693359375,0.4451718032360077,4.655156135559082,8.130794525146484,3.333466053009033,1.100962519645691,0.9927684932704658,FP-control-section
CML_1/scene0,3,R1_3_C,False,False,0.0,18100.0,1375.791015625,2235.255615234375,0.6164839267730713,2.9331371784210205,3.4350264072418213,0.8147137761116028,1.955580234527588,0.5554099779712801,FP-control-section
CML_1/scene0,4,P2_3_T,True,False,0.0,11600.0,1713.744873046875,3654.625244140625,0.47737357020378113,3.863748550415039,5.677249431610107,2.3526296615600586,1.2616060972213745,1.044101801841015,FP-in-annotated-section
CML_1/scene0,5,P2_3_T,True,True,0.13333333333333333,10500.0,1838.6005859375,4123.90380859375,0.4487808346748352,4.207559108734131,6.437375545501709,2.861102342605591,1.1189665794372559,0.9603162920767273,TP(core)
CML_1/scene0,6,P2_3_T,True,True,0.26609486411077815,967700.0,3047.83251953125,5935.48388671875,0.5185825824737549,7.537376880645752,26.490062713623047,4.823986053466797,1.4671839475631714,0.33213246595287593,TP(core)
CML_1/scene0,7,R1_3_C,False,False,0.0,45400.0,2358.3232421875,4111.658203125,0.567481279373169,5.638700008392334,11.829748153686523,2.8478336334228516,1.711122989654541,0.8293228338898053,FP-control-section
CML_1/scene0,8,R1_3_L,True,False,0.0,19500.0,1827.901611328125,4164.44287109375,0.444292277097702,4.178098201751709,6.503390789031982,2.905027389526367,1.0965749025344849,0.9471806529469812,FP-in-annotated-section
CML_1/scene0,9,R1_3_L,True,True,0.09642857142857143,56000.0,1943.4638671875,3921.93212890625,0.49781984090805054,4.496316909790039,7.840461730957031,2.642261505126953,1.3636058568954468,0.8462413047147994,TP(core)
CML_1/scene0,10,R1_3_L,True,False,0.0,16300.0,1638.218505859375,4686.05615234375,0.35544413328170776,3.6557743549346924,4.799604892730713,3.470205783843994,0.6533415913581848,0.9352072453172239,FP-in-annotated-section
CML_1/scene0,11,R1_3_C,False,False,0.0,53300.0,1453.7777099609375,3443.302490234375,0.46129557490348816,3.1478867530822754,4.474192142486572,2.1236572265625,1.181398630142212,0.13017471752616938,FP-control-section
CML_1/scene0,12,P2_3_T,True,False,0.0,7300.0,1462.7506103515625,4673.01611328125,0.31478866934776306,3.1725950241088867,3.955934762954712,3.4560770988464355,0.45052531361579895,0.8576112221857928,FP-in-annotated-section
CML_1/scene0,13,R1_3_L,True,False,0.0,7600.0,1477.3812255859375,3596.818359375,0.4283437728881836,3.2128822803497314,4.030117988586426,2.289994716644287,1.0170131921768188,0.9287322547329772,FP-in-annotated-section
CML_1/scene0,14,R1_3_L,True,False,0.0,10800.0,1707.1082763671875,4356.46728515625,0.39333727955818176,3.845473289489746,5.517672061920166,3.113089084625244,0.8423776030540466,0.856838847141941,FP-in-annotated-section
CML_1/scene0,15,R1_3_L,True,False,0.0,7400.0,1321.5411376953125,2509.78662109375,0.5269708633422852,2.7837517261505127,3.083284854888916,1.1121737957000732,1.5090298652648926,0.24139339754442582,FP-in-annotated-section
CML_1/scene0,16,R1_3_L,True,False,0.0,12900.0,1952.327392578125,4303.95556640625,0.4534332752227783,4.520723819732666,7.228481292724609,3.0561916828155518,1.1421761512756348,0.8317875160784473,FP-in-annotated-section
CML_1/scene0,17,R1_3_L,True,False,0.0,8300.0,1363.8734130859375,1658.2662353515625,0.8217695355415344,2.900320291519165,3.40250825881958,0.18953436613082886,2.979680061340332,0.19579848908592476,FP-in-annotated-section
CML_1/scene0,18,R1_3_L,True,True,0.0755813953488372,17200.0,1789.3748779296875,2872.986083984375,0.6405308246612549,4.072007179260254,6.080323696136475,1.5057079792022705,2.075542449951172,0.9176198363125572,TP(core)
CML_1/scene0,19,R1_3_L,True,True,0.20316027088036118,44300.0,2356.89892578125,6029.81298828125,0.40111643075942993,5.6347784996032715,11.188475608825684,4.926193714141846,0.8811851739883423,0.5833137514796632,TP(core)
CML_1/scene0,20,R1_3_L,True,True,0.22727272727272727,15400.0,1903.0511474609375,3640.724853515625,0.5204679369926453,4.385034561157227,7.119684219360352,2.337568521499634,1.4765894412994385,0.961569712020273,TP(core)
CML_1/scene0,21,P2_3_C,True,True,0.031315240083507306,95800.0,1914.462890625,4272.03759765625,0.4668298065662384,4.416459083557129,9.562613487243652,3.0216081142425537,1.2090070247650146,0.9535042952016277,TP(core)
CML_1/scene0,22,OS1_2_L,False,False,0.0,38500.0,2134.35498046875,9032.5830078125,0.2568415403366089,5.021966934204102,8.745025634765625,8.179755210876465,0.16144677996635437,0.8616988343524599,FP-control-section
CML_1/scene0,23,P2_3_C,True,True,0.2749812171299775,399300.0,2646.43115234375,6127.318359375,0.4525999128818512,6.4320526123046875,18.012470245361328,5.031842231750488,1.1380188465118408,0.7964961291926456,TP(core)
CML_1/scene0,24,P2_3_C,True,False,0.0,28100.0,2690.3671875,4967.61767578125,0.5285539627075195,6.553037643432617,13.600202560424805,3.7752838134765625,1.5169280767440796,0.8374060519798378,FP-in-annotated-section
CML_1/scene0,25,P2_3_C,True,False,0.0,200800.0,1770.617919921875,3258.788330078125,0.5728998184204102,4.020357608795166,9.707928657531738,1.9237319231033325,1.7381539344787598,0.1435179909081137,FP-in-annotated-section
CML_1/scene0,26,P2_3_C,True,False,0.0,30300.0,1327.030517578125,2258.1591796875,0.5996403694152832,2.7988672256469727,3.410977840423584,0.8395307064056396,1.8715534210205078,0.530529110837849,FP-in-annotated-section
CML_1/scene0,27,P2_3_C,True,False,0.0,77100.0,1687.01513671875,3589.5029296875,0.47732990980148315,3.7901434898376465,9.185506820678711,2.2820680141448975,1.2613884210586548,0.7954228970581114,FP-in-annotated-section
CML_1/scene0,28,P2_3_C,True,False,0.0,9500.0,1346.904052734375,2309.737548828125,0.5846959352493286,2.85359263420105,3.2816667556762695,0.8954165577888489,1.7970011234283447,0.578448335598334,FP-in-annotated-section
CML_1/scene0,29,P2_3_C,True,False,0.0,6100.0,1352.5469970703125,2301.984375,0.5876742601394653,2.869131326675415,3.2758121490478516,0.887016236782074,1.8118587732315063,0.5348745513545486,FP-in-annotated-section
CML_1/scene0,30,P2_3_C,True,True,0.38238993710691827,159000.0,3652.86279296875,5061.4873046875,0.6776860952377319,9.203426361083984,31.710641860961914,3.87699294090271,2.260897159576416,0.8861783149105456,TP(core)
CML_1/scene0,31,P2_3_C,True,False,0.0,8200.0,1516.27294921875,3062.7734375,0.49975645542144775,3.3199775218963623,4.309395790100098,1.7113465070724487,1.3732666969299316,0.7040586435292695,FP-in-annotated-section
CML_1/scene0,32,P2_3_C,True,False,0.0,43600.0,1507.898193359375,4591.802734375,0.33002859354019165,3.2969157695770264,4.668920516967773,3.3680801391601562,0.5265522003173828,1.0498939700271899,FP-in-annotated-section
CML_1/scene0,33,P2_3_C,True,False,0.0,28100.0,2675.69580078125,6351.8701171875,0.40770772099494934,6.512637138366699,13.940879821777344,5.275148868560791,0.9140670895576477,0.9253241079778818,FP-in-annotated-section
CML_1/scene0,34,P2_3_L,True,True,0.46336206896551724,92800.0,2498.12939453125,7920.404296875,0.33180007338523865,6.023679733276367,12.54142951965332,6.974686622619629,0.5353893637657166,0.8621469651646366,TP(core)
CML_1/scene0,35,R1_3_T,True,True,0.2318548387096774,49600.0,2195.131591796875,4647.69873046875,0.48944154381752014,5.189325332641602,10.5579195022583,3.4286439418792725,1.32180917263031,0.8055736308831253,TP(core)
CML_1/scene0,36,P2_3_L,True,True,0.3355263157894737,15200.0,1999.4462890625,6856.10302734375,0.28962334990501404,4.650473117828369,7.772914409637451,5.821495532989502,0.3249841630458832,1.037661243921207,TP(core)
CML_1/scene0,37,R1_3_T,True,True,0.5,10200.0,1609.1746826171875,4160.70751953125,0.3881979286670685,3.5757977962493896,4.933527946472168,2.9009790420532227,0.8167394995689392,1.1591959035108552,TP(core)
CML_1/scene0,38,P2_3_L,True,True,0.6130434782608696,23000.0,2466.7587890625,9429.654296875,0.2577724754810333,5.9372944831848145,11.344503402709961,8.609991073608398,0.16609090566635132,0.9641405237563193,TP(core)
CML_1/scene0,39,P2_3_L,True,False,0.0,14400.0,1323.2540283203125,2600.838623046875,0.5153179168701172,2.7884681224823,3.186830997467041,1.210830569267273,1.450897455215454,0.5139993773427987,FP-in-annotated-section
CML_1/scene0,40,R1_3_T,True,True,0.18627450980392157,20400.0,2259.8486328125,5100.87451171875,0.45290905237197876,5.367534637451172,9.208833694458008,3.9196696281433105,1.1395610570907593,0.9159689786085752,TP(core)
CML_1/scene0,41,P2_3_L,True,True,0.2998790810157195,82700.0,3099.678466796875,7618.63232421875,0.4230078458786011,7.680141925811768,18.815662384033203,6.647711277008057,0.9903940558433533,0.8066202668865031,TP(core)
CML_1/scene0,42,P2_3_L,True,False,0.0,11800.0,1313.2427978515625,2155.8798828125,0.6091537475585938,2.7609007358551025,3.1619105339050293,0.7287087440490723,1.919013500213623,0.3262185802576015,FP-in-annotated-section
CML_1/scene0,43,P2_3_L,True,False,0.0,16000.0,1701.202392578125,8537.1328125,0.20490756630897522,3.8292107582092285,4.952876091003418,7.6429243087768555,-0.09763409197330475,0.6699956273480342,FP-in-annotated-section
CML_1/scene0,44,P2_3_L,True,False,0.0,28100.0,1881.4755859375,5573.10791015625,0.34379827976226807,4.32562255859375,7.302250385284424,4.431344509124756,0.5952444672584534,0.10824751261436505,FP-in-annotated-section
CML_1/scene0,45,P2_3_L,True,True,0.14434180138568128,86600.0,1886.155029296875,6450.689453125,0.3197391629219055,4.338508129119873,7.986112594604492,5.382221698760986,0.4752216041088104,0.6122625032281653,TP(core)
CML_1/scene0,46,R1_3_T,True,True,0.09420289855072464,27600.0,1954.06640625,3953.023193359375,0.49255603551864624,4.525513172149658,8.886741638183594,2.6759495735168457,1.3373461961746216,0.8953016879644375,TP(core)
CML_1/scene0,47,P2_3_L,True,False,0.0,6200.0,1307.2042236328125,2576.7890625,0.5079329013824463,2.744272470474243,3.005866527557373,1.1847724914550781,1.4140559434890747,0.2501080661381776,FP-in-annotated-section
CML_1/scene0,48,P2_3_L,True,True,0.3778110944527736,266800.0,3096.3173828125,6753.74658203125,0.47726327180862427,7.670888423919678,16.767566680908203,5.71058988571167,1.2610560655593872,0.7750844328526512,TP(core)
CML_1/scene0,49,R1_3_T,True,True,0.136,25000.0,2262.902587890625,5346.0380859375,0.41603124141693115,5.375942707061768,9.618537902832031,4.185309410095215,0.9555901885032654,0.955720257732547,TP(core)
CML_1/scene0,50,P2_3_L,True,False,0.0,27700.0,2307.706787109375,3664.553955078125,0.626089334487915,5.499319553375244,9.800777435302734,2.3633873462677,2.0034985542297363,0.9569464037768517,FP-in-annotated-section
CML_2_rescan/scene0,1,R1_2_T,True,True,0.3229268292682927,102500.0,1896.3701171875,4447.8681640625,0.4386017322540283,6.957319736480713,15.532695770263672,3.760697603225708,1.924609899520874,1.0097978366124145,TP(core)
CML_2_rescan/scene0,2,P3_1_C,True,True,0.23007421748951273,309900.0,2473.532470703125,6058.6259765625,0.4094986319541931,9.3165864944458,27.214134216308594,5.700194358825684,1.7315813302993774,0.8910801382828355,TP(core)
CML_2_rescan/scene0,3,P3_1_C,True,True,0.3350877192982456,171000.0,1782.1131591796875,6494.47998046875,0.28383076190948486,6.490272045135498,13.941021919250488,6.225002288818359,0.898080587387085,0.7108900263244993,TP(core)
CML_2_rescan/scene0,4,R1_2_T,True,True,0.39017735334242837,146600.0,1840.8856201171875,4784.43505859375,0.3870020806789398,6.730515956878662,15.458185195922852,4.165954113006592,1.582371473312378,0.894294826697326,TP(core)
CML_2_rescan/scene0,5,R1_2_T,True,True,0.39514348785871967,543600.0,2106.2392578125,5623.8486328125,0.39934682846069336,7.815201759338379,19.976680755615234,5.1766839027404785,1.6642491817474365,0.5685602914616436,TP(core)
CML_2_rescan/scene0,6,R1_2_T,True,False,0.0,5800.0,854.9735107421875,1826.69970703125,0.47188600897789,2.7004032135009766,2.950108766555786,0.6045747399330139,2.1453700065612793,0.7260007792272937,FP-in-annotated-section
CML_2_rescan/scene0,7,P3_1_L,False,False,0.0,77500.0,1359.9002685546875,4861.56982421875,0.29319271445274353,4.764392852783203,11.115406036376953,4.258831977844238,0.9601743817329407,0.7873885274103715,FP-control-section
CML_2_rescan/scene0,8,R1_2_T,True,False,0.0,18100.0,1173.811767578125,1893.6416015625,0.6233304738998413,4.003718376159668,6.29191255569458,0.6851789355278015,3.1498358249664307,0.6340721647103243,FP-in-annotated-section
CML_2_rescan/scene0,9,P3_1_L,False,False,0.0,6700.0,843.6145629882812,2539.414306640625,0.334698885679245,2.6539711952209473,2.7964096069335938,1.4627476930618286,1.2354670763015747,0.7072923523478472,FP-control-section
CML_2_rescan/scene0,10,P3_1_C,True,False,0.0,18500.0,1109.057373046875,4074.931640625,0.2864437699317932,3.7390215396881104,5.254506587982178,3.31164813041687,0.9154114723205566,0.6081859608423462,FP-in-annotated-section
CML_2_rescan/scene0,11,R1_2_T,True,False,0.0,28800.0,1310.6986083984375,4655.9443359375,0.2960679829120636,4.563270092010498,7.418229103088379,4.011240005493164,0.9792449474334717,0.8262729071965856,FP-in-annotated-section
CML_2_rescan/scene0,12,P3_1_L,False,False,0.0,8400.0,1060.1982421875,4394.447265625,0.2411998063325882,3.539299488067627,4.827727794647217,3.696373462677002,0.6153280735015869,0.8628738569499695,FP-control-section
CML_2_rescan/scene0,13,R1_2_T,True,False,0.0,14200.0,886.0098876953125,1872.5675048828125,0.47516611218452454,2.827270984649658,3.197927474975586,0.6598039269447327,2.1671254634857178,0.43207099115832653,FP-in-annotated-section
CML_2_rescan/scene0,14,P3_1_C,True,False,0.0,9300.0,901.8850708007812,1903.5360107421875,0.47458943724632263,2.8921639919281006,3.4132652282714844,0.6970927715301514,2.1633007526397705,0.5054874987501647,FP-in-annotated-section
CML_2_rescan/scene0,15,R1_2_T,True,False,0.0,11900.0,1022.908935546875,2012.80908203125,0.518798828125,3.3868725299835205,4.516149044036865,0.828667402267456,2.4565224647521973,0.47789511607288754,FP-in-annotated-section
CML_2_rescan/scene0,16,R1_2_T,True,False,0.0,14800.0,864.5457153320312,1677.39404296875,0.5170696973800659,2.7395317554473877,3.133343458175659,0.42479750514030457,2.445053815841675,0.4089223460125567,FP-in-annotated-section
CML_2_rescan/scene0,17,P3_1_C,True,False,0.0,6600.0,905.95654296875,2451.616455078125,0.37023207545280457,2.908806562423706,3.375277280807495,1.3570308685302734,1.471143364906311,0.2663847532275638,FP-in-annotated-section
CML_2_rescan/scene0,18,P3_1_C,True,True,0.3970113085621971,247600.0,1996.779541015625,4816.67822265625,0.43163204193115234,7.367763519287109,20.010908126831055,4.20477819442749,1.878382921218872,0.9091746412861783,TP(core)
CML_2_rescan/scene0,19,R1_2_T,True,False,0.0,17000.0,969.3360595703125,3493.778564453125,0.28216394782066345,3.1678829193115234,4.121899127960205,2.6118874549865723,0.8870254755020142,0.5873827869405193,FP-in-annotated-section
CML_2_rescan/scene0,20,R1_2_T,True,True,0.33693369336933693,333300.0,2274.323486328125,6243.458984375,0.3800117075443268,8.502279281616211,23.20503807067871,5.922749996185303,1.5360074043273926,0.6496246985918375,TP(core)
CML_2_rescan/scene0,21,P3_1_L,False,False,0.0,40600.0,1486.5673828125,4007.465576171875,0.36731648445129395,5.282168865203857,10.410922050476074,3.230412721633911,1.4518057107925415,0.8097267215450598,FP-control-section
CML_2_rescan/scene0,22,P3_1_C,True,False,0.0,22000.0,998.1801147460938,1869.6937255859375,0.5375068783760071,3.2857887744903564,4.568750381469727,0.6563436388969421,2.5806052684783936,0.37148049603669275,FP-in-annotated-section
CML_2_rescan/scene0,23,R1_2_T,True,False,0.0,27700.0,1068.941162109375,3136.03662109375,0.3469993472099304,3.5750389099121094,5.579477787017822,2.1811342239379883,1.3170506954193115,0.11545186429112625,FP-in-annotated-section
CML_2_rescan/scene0,24,P3_1_L,False,False,0.0,9300.0,1017.4830322265625,4194.3486328125,0.24349793791770935,3.3646931648254395,4.3691630363464355,3.4554362297058105,0.6305702328681946,0.007715597902434648,FP-control-section
CML_2_rescan/scene0,25,P3_1_L,False,False,0.0,5900.0,943.1524047851562,3520.413818359375,0.2694283127784729,3.060851812362671,3.6247761249542236,2.6439595222473145,0.8025553822517395,0.7513289074935079,FP-control-section
CML_2_rescan/scene0,26,P3_1_C,True,False,0.0,5300.0,932.8598022460938,3205.384765625,0.2923803925514221,3.0187785625457764,3.5449059009552,2.2646358013153076,0.9547868371009827,0.9191363803536549,FP-in-annotated-section
CML_2_rescan/scene0,27,P3_1_C,True,False,0.0,9900.0,871.2799072265625,1612.1563720703125,0.5504785776138306,2.767059087753296,3.0619285106658936,0.34624505043029785,2.6666407585144043,0.21657257649922357,FP-in-annotated-section
CML_2_rescan/scene0,28,P3_1_L,False,False,0.0,24300.0,1747.495361328125,3473.794189453125,0.49249643087387085,6.348764419555664,12.842270851135254,2.587825059890747,2.2820701599121094,0.7483560887559962,FP-control-section
CML_2_rescan/scene0,29,P3_1_C,True,True,0.7012987012987013,15400.0,1152.9859619140625,4211.6123046875,0.2905156910419464,3.918588161468506,5.624922752380371,3.476223945617676,0.9424186944961548,0.6295813893102951,TP(core)
CML_2_rescan/scene0,30,P3_1_C,True,False,0.0,6000.0,899.9278564453125,1763.3475341796875,0.5165412425994873,2.8841633796691895,3.283400535583496,0.5282933115959167,2.4415488243103027,0.39799987407747217,FP-in-annotated-section
CML_2_rescan/scene0,31,R1_2_T,True,False,0.0,6200.0,846.9578857421875,1308.6551513671875,0.6507197618484497,2.667637348175049,2.8302788734436035,-0.01919720135629177,3.3314971923828125,0.34733554708444686,FP-in-annotated-section
CML_2_rescan/scene0,32,P3_1_C,True,False,0.0,13600.0,1021.2933349609375,2990.1181640625,0.38087862730026245,3.3802685737609863,4.473583221435547,2.0054352283477783,1.5417572259902954,0.741942696558514,FP-in-annotated-section
CML_2_rescan/scene0,33,P3_1_C,True,False,0.0,7700.0,981.6325073242188,2290.605224609375,0.4302501380443573,3.218147039413452,4.0307207107543945,1.1631590127944946,1.8692175149917603,0.6254294489814936,FP-in-annotated-section
CML_2_rescan/scene0,34,R1_2_T,True,True,0.22162162162162163,74000.0,1697.1829833984375,4388.83203125,0.4083459675312042,6.143102645874023,12.111083984375,3.689612865447998,1.7239363193511963,0.9102169332211861,TP(core)
CML_2_rescan/scene0,35,P3_1_L,False,False,0.0,7000.0,982.3220825195312,4414.26806640625,0.2256399393081665,3.220965623855591,3.9321868419647217,3.7202401161193848,0.5121259093284607,0.8193032422628989,FP-control-section
CML_2_rescan/scene0,36,P3_1_C,True,True,0.19086357947434293,159800.0,2380.701171875,7194.7685546875,0.33938026428222656,8.937119483947754,32.30439376831055,7.068211555480957,1.2665164470672607,0.805316500747046,TP(core)
CML_2_rescan/scene0,37,P3_1_C,True,False,0.0,5300.0,983.8307495117188,2235.08837890625,0.4483075439929962,3.227132558822632,4.0823445320129395,1.096311330795288,1.98898446559906,0.7922255822777748,FP-in-annotated-section
CML_2_rescan/scene0,38,P3_1_C,True,False,0.0,14700.0,1217.6986083984375,4942.98095703125,0.2535545229911804,4.1831135749816895,6.347139358520508,4.356857776641846,0.697271466255188,0.8031799856193941,FP-in-annotated-section
CML_2_rescan/scene0,39,R1_2_T,True,True,0.4104372355430183,283600.0,1978.7230224609375,4903.37353515625,0.4176836311817169,7.2939534187316895,16.678781509399414,4.30916690826416,1.7858693599700928,0.8336931716057652,TP(core)
CML_2_rescan/scene0,40,R1_2_C,False,False,0.0,10900.0,979.0457763671875,4830.810546875,0.20893748104572296,3.207573652267456,3.8650434017181396,4.221795082092285,0.4013458490371704,0.2024342359314607,FP-control-section
CML_2_rescan/scene0,41,R1_2_C,False,False,0.0,5800.0,947.9166259765625,2586.924560546875,0.3660503923892975,3.080326795578003,3.6898465156555176,1.5199544429779053,1.4434078931808472,0.9820507950439918,FP-control-section
CML_2_rescan/scene0,42,R1_2_C,False,False,0.0,5000.0,1012.1143798828125,4361.9794921875,0.24230937659740448,3.3427481651306152,4.045129299163818,3.6572792530059814,0.6226871609687805,1.131818315032856,FP-control-section
CML_2_rescan/scene0,43,R1_2_L,False,False,0.0,50200.0,1695.2213134765625,5424.83935546875,0.3168272078037262,6.1350836753845215,12.847040176391602,4.937058448791504,1.1169319152832031,0.833800382443267,FP-control-section
CML_2_rescan/scene0,44,R1_2_L,False,False,0.0,26400.0,1120.5672607421875,3058.005615234375,0.38205617666244507,3.7860708236694336,6.09596061706543,2.0871779918670654,1.5495675802230835,0.8666344159237719,FP-control-section
CML_2_rescan/scene0,45,R1_2_L,False,False,0.0,45300.0,1542.0433349609375,5025.27392578125,0.3213862180709839,5.508937835693359,11.036558151245117,4.4559454917907715,1.1471699476242065,0.6996450848039039,FP-control-section
CML_2_rescan/scene0,46,R1_2_L,False,False,0.0,15000.0,1316.25732421875,5676.23583984375,0.23489420115947723,4.58599328994751,7.449067115783691,5.239761829376221,0.5735055804252625,0.8567334993755567,FP-control-section
CML_2_rescan/scene0,47,R1_2_L,False,False,0.0,22500.0,1215.619140625,5900.1201171875,0.20990817248821259,4.174614906311035,6.172636032104492,5.509338855743408,0.40778395533561707,0.894429707305746,FP-control-section
CML_2_rescan/scene0,48,P3_1_T,True,True,0.3697841726618705,278000.0,2342.380615234375,5623.85302734375,0.41105955839157104,8.780477523803711,34.461246490478516,5.176689147949219,1.7419345378875732,0.7191461362640305,TP(core)
CML_2_rescan/scene0,49,P3_1_T,True,False,0.0,30600.0,1282.067138671875,4124.60888671875,0.3156246542930603,4.446233749389648,8.433084487915039,3.3714640140533447,1.1089558601379395,0.8381697758820283,FP-in-annotated-section
CML_2_rescan/scene0,50,R1_2_L,False,False,0.0,74600.0,1832.513916015625,5037.0341796875,0.37898921966552734,6.69629430770874,17.546241760253906,4.47010612487793,1.5292258262634277,0.615566466763712,FP-control-section
CML_2_rescan/scene0,51,R1_2_L,False,False,0.0,33600.0,1425.1783447265625,3959.8857421875,0.3831554055213928,5.031229496002197,8.02513599395752,3.1731226444244385,1.5568583011627197,0.7778743861360627,FP-control-section
CML_2_rescan/scene0,52,P3_1_T,True,False,0.0,23200.0,1084.5758056640625,3595.36572265625,0.30450940132141113,3.638948440551758,5.878536701202393,2.73420786857605,1.0352329015731812,0.10377232878739125,FP-in-annotated-section
CML_2_rescan/scene0,53,CFA_L2_C,False,False,0.0,21000.0,1080.7752685546875,3421.147216796875,0.3176988959312439,3.6234130859375,4.953240871429443,2.524433135986328,1.1227132081985474,0.16618823606469063,FP-control-section
CML_2_rescan/scene0,54,R1_2_L,False,False,0.0,19100.0,1083.94189453125,3405.57666015625,0.3379075229167938,3.636357545852661,5.462161540985107,2.5056846141815186,1.2567486763000488,0.8948693447917375,FP-control-section
CML_2_rescan/scene0,55,R1_2_L,False,False,0.0,20200.0,1444.4876708984375,4414.0048828125,0.3370436429977417,5.110159873962402,9.1954345703125,3.7199225425720215,1.251018762588501,1.0001204111413347,FP-control-section
CML_2_rescan/scene0,56,R1_2_L,False,False,0.0,22600.0,1861.10791015625,4499.431640625,0.41016557812690735,6.813177108764648,14.142781257629395,3.822784185409546,1.7360049486160278,0.9038059868567637,FP-control-section
CML_2_rescan/scene0,57,P3_1_T,True,False,0.0,9500.0,1116.22021484375,4400.00927734375,0.2573482394218445,3.768301010131836,5.349126815795898,3.703070640563965,0.7224334478378296,0.8185154855470148,FP-in-annotated-section
CML_2_rescan/scene0,58,P3_1_T,True,False,0.0,35100.0,1747.803466796875,4782.33447265625,0.35929498076438904,6.3500237464904785,12.95532512664795,4.163424491882324,1.3986024856567383,0.9116328844462793,FP-in-annotated-section
CML_metal/scene0,1,R1_3_C,False,False,0.0,121200.0,2087.086669921875,3659.20947265625,0.5523722171783447,5.40824031829834,13.842157363891602,2.8724169731140137,1.7056893110275269,0.9060915441272674,FP-control-section
CML_metal/scene0,2,R1_3_C,False,False,0.0,23400.0,1594.78271484375,3482.122802734375,0.4586312770843506,3.913501024246216,6.1790385246276855,2.6572062969207764,1.1921011209487915,0.9877159075589834,FP-control-section
CML_metal/scene0,3,R1_3_C,False,False,0.0,11000.0,1214.624267578125,2045.8143310546875,0.5977851748466492,2.75925874710083,2.9943501949310303,0.9116827249526978,1.9544976949691772,0.563633151684778,FP-control-section
CML_metal/scene0,4,P2_3_T,True,False,0.0,17800.0,1620.3033447265625,4079.542236328125,0.3990592658519745,3.9909865856170654,5.958559036254883,3.3832404613494873,0.8657175302505493,1.1164546502184485,FP-in-annotated-section
CML_metal/scene0,5,R1_3_C,False,False,0.0,35000.0,2008.154296875,4073.076904296875,0.48308807611465454,5.168584823608398,11.40424633026123,3.3753836154937744,1.3260949850082397,0.8270298399614235,FP-control-section
CML_metal/scene0,6,R1_3_L,True,False,0.0,26300.0,2305.130615234375,4211.53515625,0.5509564876556396,6.0702691078186035,12.153890609741211,3.5436506271362305,1.6979321241378784,1.0106890979670171,FP-in-annotated-section
CML_metal/scene0,7,P2_3_T,True,True,0.11961028192371476,964800.0,2469.165771484375,4448.94873046875,0.5547261834144592,6.568314552307129,19.47503662109375,3.8321750164031982,1.7185859680175781,0.291133440734708,TP(core)
CML_metal/scene0,8,R1_3_L,True,True,0.06782334384858044,63400.0,1933.973388671875,3503.35498046875,0.5508314967155457,4.943356037139893,11.124746322631836,2.683009386062622,1.697247862815857,0.8512617421594825,TP(core)
CML_metal/scene0,9,R1_3_C,False,False,0.0,15600.0,1215.6722412109375,1687.3734130859375,0.7240553498268127,2.7624409198760986,3.1670539379119873,0.47607529163360596,2.6463074684143066,0.3481552424805797,FP-control-section
CML_metal/scene0,10,R1_3_C,False,False,0.0,44800.0,1365.0570068359375,2563.588134765625,0.5508156418800354,3.2160046100616455,4.629453182220459,1.5409252643585205,1.697161078453064,0.05003650660133364,FP-control-section
CML_metal/scene0,11,R1_3_L,True,False,0.0,6700.0,1291.6712646484375,2974.78125,0.4415675401687622,2.993190050125122,3.5249030590057373,2.0406417846679688,1.0986124277114868,0.7071786603577995,FP-in-annotated-section
CML_metal/scene0,12,P2_3_T,True,False,0.0,21500.0,1469.3115234375,3290.218505859375,0.4585877060890198,3.532543420791626,4.71656608581543,2.4239883422851562,1.19186270236969,0.7562719174698378,FP-in-annotated-section
CML_metal/scene0,13,R1_3_C,False,False,0.0,5100.0,1200.6259765625,2353.2568359375,0.5121245980262756,2.71675705909729,2.926313877105713,1.2853130102157593,1.4851806163787842,0.18423310632534726,FP-control-section
CML_metal/scene0,14,R1_3_L,True,False,0.0,11800.0,1491.5362548828125,3062.44140625,0.49685943126678467,3.600023031234741,5.085087299346924,2.147174596786499,1.4015460014343262,0.8826233083048516,FP-in-annotated-section
CML_metal/scene0,15,R1_3_C,False,False,0.0,5900.0,1219.181640625,1786.3104248046875,0.682524561882019,2.7730960845947266,2.9980788230895996,0.5963117480278015,2.4187686443328857,0.4867183261506233,FP-control-section
CML_metal/scene0,16,R1_3_C,False,False,0.0,9500.0,1531.56298828125,3164.735595703125,0.48157456517219543,3.7215521335601807,5.27008581161499,2.2714903354644775,1.3178027868270874,0.7852332978075316,FP-control-section
CML_metal/scene0,17,R1_3_L,True,False,0.0,7500.0,1360.856201171875,3837.6962890625,0.35594168305397034,3.20324969291687,4.07622766494751,3.089329242706299,0.6294852495193481,0.8107325353492663,FP-in-annotated-section
CML_metal/scene0,18,R1_3_L,True,False,0.0,31100.0,1444.69189453125,2667.687744140625,0.5602390766143799,3.4577929973602295,4.648070812225342,1.667436122894287,1.74878990650177,0.0059271006037071175,FP-in-annotated-section
CML_metal/scene0,19,R1_3_L,True,True,0.07407407407407407,21600.0,1713.96630859375,2680.6630859375,0.641983151435852,4.275367259979248,6.741551399230957,1.683205246925354,2.196650266647339,0.956696100474632,TP(core)
CML_metal/scene0,20,R1_3_L,True,True,0.20424403183023873,37700.0,1843.2119140625,4538.9052734375,0.42050325870513916,4.667784690856934,7.351145267486572,3.941497564315796,0.9832051396369934,0.5803479110382327,TP(core)
CML_metal/scene0,21,R1_3_L,True,True,0.16062176165803108,19300.0,1834.2308349609375,2954.939697265625,0.6177962422370911,4.640516757965088,7.545618534088135,2.016529083251953,2.0641345977783203,0.960450624091669,TP(core)
CML_metal/scene0,22,R1_3_L,True,True,0.028169014084507043,42600.0,1612.6068115234375,3635.232177734375,0.5008077025413513,3.967618227005005,6.432372093200684,2.8432772159576416,1.4231774806976318,1.0109732067554258,TP(core)
CML_metal/scene0,23,OS1_2_L,False,False,0.0,33900.0,1740.66796875,6849.50830078125,0.257769912481308,4.356439113616943,7.536227226257324,6.749537467956543,0.09162144362926483,0.9033891142676411,FP-control-section
CML_metal/scene0,24,P2_3_C,True,False,0.0,15800.0,1426.679443359375,3729.217529296875,0.3888132870197296,3.4031031131744385,4.99060583114624,2.957496166229248,0.809581995010376,0.9569236715056954,FP-in-annotated-section
CML_metal/scene0,25,P2_3_C,True,True,0.28062234794908064,353500.0,2155.19677734375,5089.212890625,0.438884973526001,5.615036964416504,13.569307327270508,4.61027717590332,1.0839149951934814,0.7523837748525778,TP(core)
CML_metal/scene0,26,P2_3_C,True,False,0.0,29000.0,1625.01025390625,4590.267578125,0.3544117510318756,4.005277633666992,6.471254348754883,4.003918170928955,0.6211029291152954,0.9157659843487116,FP-in-annotated-section
CML_metal/scene0,27,OS1_2_L,False,False,0.0,5100.0,1370.3719482421875,1927.3101806640625,0.7152490019798279,3.232142210006714,3.947622299194336,0.7676665186882019,2.598057985305786,0.481249734387661,FP-control-section
CML_metal/scene0,28,P2_3_C,True,False,0.0,20300.0,1872.8363037109375,3672.60009765625,0.5285995006561279,4.757730484008789,8.291601181030273,2.888690233230591,1.5754430294036865,0.8744166599316168,FP-in-annotated-section
CML_metal/scene0,29,P2_3_C,True,False,0.0,31800.0,1616.55859375,4871.90966796875,0.33324673771858215,3.9796173572540283,6.036861419677734,4.346192836761475,0.505143940448761,0.25330774336524037,FP-in-annotated-section
CML_metal/scene0,30,P2_3_C,True,True,0.302713987473904,143700.0,3141.323486328125,5062.7900390625,0.5787811279296875,8.609128952026367,29.119487762451172,4.578166484832764,1.8503782749176025,0.8208684644105512,TP(core)
CML_metal/scene0,31,P2_3_C,True,False,0.0,35200.0,2833.680419921875,5916.56298828125,0.47634783387184143,7.675058364868164,18.292573928833008,5.615743637084961,1.2891664505004883,0.9514800201002774,FP-in-annotated-section
CML_metal/scene0,32,P2_3_C,True,False,0.0,8700.0,1238.64013671875,5032.06884765625,0.24736766517162323,2.8321754932403564,3.288832426071167,4.540831565856934,0.03462941199541092,1.0813468652210863,FP-in-annotated-section
CML_metal/scene0,33,P2_3_L,True,True,0.2654320987654321,32400.0,1625.56591796875,6249.9697265625,0.2676875591278076,4.006965637207031,7.081841468811035,6.020927906036377,0.1459583044052124,0.9425193300107706,TP(core)
CML_metal/scene0,34,R1_3_T,True,True,0.3914285714285714,35000.0,1591.693603515625,4005.933837890625,0.41112035512924194,3.904120683670044,6.227157115936279,3.2937862873077393,0.9317981004714966,0.8051164266934664,TP(core)
CML_metal/scene0,35,P2_3_L,True,False,0.0,7700.0,1529.0494384765625,6166.81298828125,0.2477731853723526,3.7139203548431396,5.205122947692871,5.919868469238281,0.03685099259018898,1.0378835280104073,FP-in-annotated-section
CML_metal/scene0,36,P2_3_L,True,True,0.33653846153846156,20800.0,1955.8756103515625,6211.97607421875,0.3185492157936096,5.009856224060059,9.168169975280762,5.974754810333252,0.4246193766593933,0.8297749482133261,TP(core)
CML_metal/scene0,37,P2_3_L,True,True,0.3054187192118227,20300.0,1797.953857421875,5550.0380859375,0.3353341519832611,4.53037166595459,7.542359828948975,5.170311450958252,0.5165802836418152,0.9683641969743637,TP(core)
CML_metal/scene0,38,P2_3_L,True,False,0.0,18800.0,1309.643310546875,1701.85205078125,0.769031286239624,3.0477564334869385,3.582282066345215,0.4936709403991699,2.892721652984619,0.4660648191460252,FP-in-annotated-section
CML_metal/scene0,39,P2_3_L,True,True,0.15868673050615595,73100.0,2815.137939453125,5913.0908203125,0.4745241403579712,7.6187591552734375,20.144908905029297,5.611523628234863,1.2791749238967896,0.8232543660980185,TP(core)
CML_metal/scene0,40,R1_3_T,True,True,0.2987012987012987,15400.0,1701.0164794921875,3749.178466796875,0.4671322703361511,4.236049175262451,6.505817890167236,2.9817557334899902,1.2386764287948608,0.9362506373080208,TP(core)
CML_metal/scene0,41,P2_3_L,True,False,0.0,31500.0,1344.4302978515625,3654.423828125,0.38703346252441406,3.1533777713775635,4.094170093536377,2.8666012287139893,0.7998309135437012,0.06809494416565394,FP-in-annotated-section
CML_metal/scene0,42,P2_3_L,True,True,0.018604651162790697,21500.0,1483.1385498046875,5792.85595703125,0.26560816168785095,3.5745255947113037,4.840231895446777,5.465404033660889,0.13456550240516663,0.48251470885557074,TP(core)
CML_metal/scene0,43,P2_3_L,True,False,0.0,20400.0,1355.680908203125,2086.324462890625,0.6499625444412231,3.1875367164611816,3.9892466068267822,0.9609143137931824,2.2403674125671387,0.15976376637002768,FP-in-annotated-section
CML_metal/scene0,44,R1_3_T,True,True,0.07467532467532467,30800.0,1948.48095703125,3579.696533203125,0.5426437258720398,4.9874043464660645,9.573451042175293,2.7757859230041504,1.6523886919021606,0.944587830089938,TP(core)
CML_metal/scene0,45,P2_3_L,True,False,0.0,16000.0,1380.227783203125,4706.3037109375,0.2966357171535492,3.26206636428833,4.553443908691406,4.144933223724365,0.30455946922302246,0.7457470787248499,FP-in-annotated-section
CML_metal/scene0,46,P2_3_L,True,True,0.23540609137055837,315200.0,2701.5908203125,6031.826171875,0.4781810939311981,7.274004936218262,17.84410858154297,5.755821704864502,1.299210786819458,0.775415440574012,TP(core)
CML_metal/scene0,47,R1_3_T,True,True,0.08950617283950617,32400.0,2394.0107421875,4834.62890625,0.48617318272590637,6.340126991271973,12.566425323486328,4.300886154174805,1.3429980278015137,1.005130846241969,TP(core)
CML_metal/scene0,48,P2_3_L,True,False,0.0,61700.0,2183.407958984375,3547.4638671875,0.6081603169441223,5.700692176818848,11.937477111816406,2.736614227294922,2.0113415718078613,0.9392906963717256,FP-in-annotated-section
CML_metal/scene1,1,R1_2_T,True,True,0.13253012048192772,107900.0,3015.943359375,4301.54638671875,0.685327410697937,8.721768379211426,20.47342300415039,4.041611194610596,2.01767897605896,1.0299634598230112,TP(core)
CML_metal/scene1,2,R1_2_T,True,True,0.038923747740082955,940300.0,3054.220947265625,4229.81689453125,0.6993290185928345,8.84299373626709,35.21488952636719,3.9481706619262695,2.0802016258239746,0.5546971294258506,TP(core)
CML_metal/scene1,3,R1_2_T,True,True,0.10991735537190082,242000.0,1996.8671875,3769.14453125,0.5997180342674255,5.494380474090576,15.557561874389648,3.348060369491577,1.6353989839553833,0.6916766051189431,TP(core)
CML_metal/scene1,4,P3_1_C,True,True,0.06724758476984277,527900.0,2920.484619140625,5769.98291015625,0.5030918121337891,8.419452667236328,32.42150115966797,5.954519271850586,1.2039251327514648,0.696505837059095,TP(core)
CML_metal/scene1,5,R1_2_T,True,False,0.0,8100.0,1186.3935546875,1997.9398193359375,0.6016232371330261,2.9276304244995117,3.412025213241577,1.040741205215454,1.6439067125320435,0.661276665501754,FP-in-annotated-section
CML_metal/scene1,6,R1_2_T,True,True,0.25686711210096513,269400.0,2295.337890625,5058.6015625,0.479170560836792,6.439628601074219,12.888970375061035,5.0278143882751465,1.097107172012329,0.5695151074048251,TP(core)
CML_metal/scene1,7,R1_2_T,True,False,0.0,5800.0,1120.5963134765625,1899.3985595703125,0.5904013514518738,2.719252109527588,2.952385187149048,0.9123730063438416,1.593796730041504,0.5581648249918544,FP-in-annotated-section
CML_metal/scene1,8,R1_2_T,True,False,0.0,6100.0,1149.660888671875,1661.34228515625,0.6922665238380432,2.8112995624542236,3.1175920963287354,0.6022611260414124,2.0486648082733154,0.4146401247134364,FP-in-annotated-section
CML_metal/scene1,9,P3_1_L,False,False,0.0,44200.0,1469.4288330078125,4579.37060546875,0.3424449861049652,3.8239967823028564,5.949678421020508,4.403528690338135,0.48657315969467163,0.7348752293471948,FP-control-section
CML_metal/scene1,10,P3_1_C,True,False,0.0,5200.0,1101.817138671875,1669.918701171875,0.660750687122345,2.6597790718078613,2.8020148277282715,0.6134334206581116,1.907934308052063,0.4059964345777799,FP-in-annotated-section
CML_metal/scene1,11,P3_1_C,True,False,0.0,10800.0,1255.05615234375,1919.0955810546875,0.6549209952354431,3.14508318901062,3.925281047821045,0.9380322694778442,1.8819024562835693,0.5523298133311589,FP-in-annotated-section
CML_metal/scene1,12,P3_1_L,False,False,0.0,5100.0,1170.1558837890625,3147.014404296875,0.37895479798316956,2.876206636428833,3.221867084503174,2.53762149810791,0.6496038436889648,0.812134624583743,FP-control-section
CML_metal/scene1,13,R1_2_T,True,False,0.0,6200.0,1251.3914794921875,2061.828857421875,0.6087344288825989,3.1334779262542725,3.822314977645874,1.1239683628082275,1.6756607294082642,0.5425907299346446,FP-in-annotated-section
CML_metal/scene1,14,P3_1_C,True,True,0.07894736842105263,68400.0,2127.46826171875,5561.66845703125,0.41437146067619324,5.907990455627441,11.689685821533203,5.683151721954346,0.8077533841133118,0.7601862420653475,TP(core)
CML_metal/scene1,15,P3_1_C,True,False,0.0,11300.0,1427.739990234375,2978.708984375,0.48260584473609924,3.691969156265259,5.217895030975342,2.318372964859009,1.1124472618103027,0.15801907422458042,FP-in-annotated-section
CML_metal/scene1,16,P3_1_L,False,False,0.0,25000.0,1498.7667236328125,3296.96630859375,0.4516388773918152,3.9169087409973145,6.394882678985596,2.732961416244507,0.9741672873497009,0.8441150467911221,FP-control-section
CML_metal/scene1,17,P3_1_C,True,False,0.0,8500.0,1252.064208984375,2436.225830078125,0.5218877196311951,3.1356074810028076,3.884185552597046,1.6116887331008911,1.2878562211990356,0.07328589410517586,FP-in-annotated-section
CML_metal/scene1,18,P3_1_C,True,True,0.041184971098265896,138400.0,2239.728759765625,3976.49072265625,0.5689303278923035,6.263516426086426,14.829572677612305,3.618166923522949,1.497920274734497,0.9796880987688659,TP(core)
CML_metal/scene1,19,P3_1_C,True,False,0.0,24300.0,1191.31640625,2296.841064453125,0.5375909209251404,2.9432213306427,3.424008369445801,1.43011474609375,1.3579775094985962,0.178131535270261,FP-in-annotated-section
CML_metal/scene1,20,P3_1_C,True,False,0.0,5500.0,1364.22021484375,2643.5712890625,0.5188557505607605,3.4908030033111572,4.385964393615723,1.8817945718765259,1.2743173837661743,0.8867961045924869,FP-in-annotated-section
CML_metal/scene1,21,R1_2_T,True,True,0.18602761982128352,246200.0,2189.967529296875,4575.92138671875,0.4864296317100525,6.105923652648926,17.536176681518555,4.399035453796387,1.1295216083526611,0.7215299594663442,TP(core)
CML_metal/scene1,22,P3_1_L,False,False,0.0,13700.0,1775.3970947265625,3473.22119140625,0.5124424695968628,4.792990207672119,7.743893146514893,2.9625658988952637,1.245679259300232,0.8073006466334489,FP-control-section
CML_metal/scene1,23,R1_2_T,True,False,0.0,47800.0,1203.75927734375,1779.25390625,0.6859641671180725,2.9826276302337646,3.8858888149261475,0.7558627724647522,2.0205225944519043,0.4211213399976263,FP-in-annotated-section
CML_metal/scene1,24,R1_2_T,True,False,0.0,12700.0,1137.8134765625,1668.446533203125,0.6838832497596741,2.7737789154052734,3.046339988708496,0.6115158796310425,2.011230707168579,0.27298454287852325,FP-in-annotated-section
CML_metal/scene1,25,P3_1_C,True,False,0.0,9500.0,1418.5533447265625,2947.81640625,0.4828035533428192,3.6628739833831787,5.019340991973877,2.278129816055298,1.1133298873901367,0.8553670361110775,FP-in-annotated-section
CML_metal/scene1,26,P3_1_C,True,False,0.0,8000.0,1201.7901611328125,1919.5142822265625,0.6266800165176392,2.976391315460205,3.5351779460906982,0.9385776519775391,1.7557954788208008,0.3682610086621552,FP-in-annotated-section
CML_metal/scene1,27,R1_2_T,True,False,0.0,44300.0,1207.6859130859375,1992.072998046875,0.6067867279052734,2.995063066482544,3.9844963550567627,1.0330986976623535,1.6669639348983765,0.4321780656682055,FP-in-annotated-section
CML_metal/scene1,28,P3_1_C,True,False,0.0,13000.0,1291.9560546875,4743.501953125,0.30498045682907104,3.261944532394409,3.875178098678589,4.617339611053467,0.31927916407585144,0.6789471181860083,FP-in-annotated-section
CML_metal/scene1,29,P3_1_C,True,False,0.0,26500.0,1730.9027099609375,4823.46630859375,0.3996362090110779,4.652077674865723,7.537750720977783,4.721508502960205,0.741954505443573,0.7849291536131366,FP-in-annotated-section
CML_metal/scene1,30,P3_1_C,True,False,0.0,8200.0,1173.1207275390625,2781.142333984375,0.4240211248397827,2.8855957984924316,3.2649495601654053,2.0610060691833496,0.8508431911468506,0.5574776804950721,FP-in-annotated-section
CML_metal/scene1,31,P3_1_C,True,True,0.22527472527472528,72800.0,2120.9560546875,5143.7998046875,0.43745896220207214,5.887366771697998,11.355084419250488,5.138800621032715,0.9108482003211975,0.809156731432022,TP(core)
CML_metal/scene1,32,P3_1_C,True,False,0.0,23600.0,1835.988037109375,3294.1787109375,0.5653459429740906,4.984880447387695,8.843222618103027,2.72933030128479,1.4819146394729614,0.6886943647086949,FP-in-annotated-section
CML_metal/scene1,33,R1_2_T,True,True,0.07175518818149841,284300.0,2719.954833984375,4918.69091796875,0.5603724718093872,7.784379959106445,19.992090225219727,4.845555305480957,1.4597057104110718,0.7809897339104306,TP(core)
CML_metal/scene1,34,P3_1_C,True,False,0.0,26400.0,2337.757080078125,4730.85888671875,0.48643574118614197,6.573969841003418,12.840530395507812,4.600869655609131,1.1295487880706787,0.8916286029790147,FP-in-annotated-section
CML_metal/scene1,35,R1_2_T,True,False,0.0,14400.0,1428.89990234375,2934.7822265625,0.4932365417480469,3.6956422328948975,5.454588890075684,2.261150598526001,1.1599171161651611,1.0071310291890987,FP-in-annotated-section
CML_metal/scene1,36,R1_2_T,True,False,0.0,8200.0,1326.8465576171875,4822.01513671875,0.2864488959312439,3.3724424839019775,4.375162601470947,4.71961784362793,0.23652830719947815,0.9494267404848198,FP-in-annotated-section
CML_metal/scene1,37,CFA_L2_L,False,False,0.0,12500.0,1260.4986572265625,2269.579833984375,0.5610226392745972,3.1623191833496094,3.847646951675415,1.3946020603179932,1.4626094102859497,0.44361655364016334,FP-control-section
CML_metal/scene1,38,CFA_L2_L,False,False,0.0,8500.0,1137.38134765625,2470.484130859375,0.4605260193347931,2.7724103927612305,3.075343132019043,1.6563167572021484,1.013851523399353,0.5602335536766381,FP-control-section
CML_metal/scene1,39,R1_2_L,False,False,0.0,41100.0,1601.2265625,4644.7177734375,0.37135475873947144,4.241396427154541,7.337669849395752,4.4886555671691895,0.6156666278839111,0.8687525263649887,FP-control-section
CML_metal/scene1,40,R1_2_L,False,False,0.0,5400.0,1205.3828125,4295.25732421875,0.28248608112335205,2.98776912689209,3.4367048740386963,4.03341817855835,0.21883276104927063,0.8867495969472075,FP-control-section
CML_metal/scene1,41,R1_2_L,False,False,0.0,43000.0,1936.577880859375,5098.451171875,0.3879774510860443,5.303445816040039,9.121908187866211,5.079726219177246,0.6898935437202454,0.6745635802160983,FP-control-section
CML_metal/scene1,42,R1_2_L,False,False,0.0,13000.0,1684.1201171875,5659.6318359375,0.29915541410446167,4.503918170928955,7.283783435821533,5.81076717376709,0.29326799511909485,0.8144492354348712,FP-control-section
CML_metal/scene1,43,R1_2_L,False,False,0.0,27100.0,1858.4246826171875,5153.23193359375,0.38322126865386963,5.055936813354492,9.459397315979004,5.151088237762451,0.668655514717102,0.7836717351080489,FP-control-section
CML_metal/scene1,44,P3_1_T,True,False,0.0,13200.0,1425.623779296875,3267.0751953125,0.473051518201828,3.685267210006714,5.253856658935547,2.6940231323242188,1.069783091545105,0.7982125303850056,FP-in-annotated-section
CML_metal/scene1,45,CFA_L2_C,False,False,0.0,37500.0,2316.608642578125,3498.351318359375,0.6475487351417542,6.506993293762207,13.253002166748047,2.995302200317383,1.8489822149276733,0.9179291310582159,FP-control-section
CML_metal/scene1,46,P3_1_T,True,True,0.40672501151543067,217100.0,3323.869140625,5220.44580078125,0.6390268206596375,9.696962356567383,24.152524948120117,5.2386474609375,1.8109289407730103,0.7255920457437196,TP(core)
CML_metal/scene1,47,CFA_L2_C,False,False,0.0,14200.0,1534.0028076171875,2012.0970458984375,0.7626550197601318,4.028501033782959,6.194612503051758,1.0591837167739868,2.3629775047302246,0.66017590259375,FP-control-section
CML_metal/scene1,48,R1_2_L,False,False,0.0,27900.0,1704.614013671875,4194.6162109375,0.41260257363319397,4.568821430206299,7.036986827850342,3.9023149013519287,0.7998546361923218,0.7515765140357902,FP-control-section
CML_metal/scene1,49,P3_1_T,True,False,0.0,31700.0,1765.4603271484375,4420.85791015625,0.3998042047023773,4.761520862579346,8.170364379882812,4.1970367431640625,0.7427048087120056,0.8492919765892182,FP-in-annotated-section
CML_metal/scene1,50,R1_2_L,False,False,0.0,10000.0,1318.9793701171875,2751.717529296875,0.47817474603652954,3.3475265502929688,4.348247528076172,2.0226752758026123,1.0926604270935059,0.4378674055522156,FP-control-section
CML_metal/scene1,51,R1_2_L,False,False,0.0,54900.0,3004.611328125,4710.03466796875,0.6397784352302551,8.685881614685059,20.62650489807129,4.573742389678955,1.8142850399017334,0.7251967576500532,FP-control-section
CML_metal/scene1,52,R1_2_L,False,False,0.0,14900.0,1156.3248291015625,2074.385009765625,0.5611432790756226,2.8324038982391357,3.259427785873413,1.1403251886367798,1.4631476402282715,0.4967951038916695,FP-control-section
CML_metal/scene1,53,R1_2_L,False,False,0.0,66900.0,1500.7081298828125,2984.310546875,0.5358846783638,3.9230573177337646,8.630303382873535,2.325670003890991,1.350358009338379,0.8056982514035939,FP-control-section
CML_metal/scene1,54,CFA_L2_C,False,False,0.0,6900.0,1211.9163818359375,2612.651611328125,0.46617811918258667,3.0084609985351562,3.593245267868042,1.8415158987045288,1.0390907526016235,0.21402792476629195,FP-control-section
CML_metal/scene1,55,P3_1_T,True,False,0.0,47000.0,1514.890380859375,3488.9775390625,0.4374818801879883,3.9679722785949707,7.030630588531494,2.983091115951538,0.9109505414962769,0.8796493260268983,FP-in-annotated-section
CML_metal/scene1,56,R1_2_L,False,False,0.0,17900.0,1570.072265625,4749.40478515625,0.34319594502449036,4.142730712890625,6.113287925720215,4.625029563903809,0.4899263381958008,1.0072531009065506,FP-control-section
CML_metal/scene1,57,R1_2_L,False,False,0.0,27000.0,2715.258544921875,4329.18310546875,0.6103662848472595,7.769507884979248,17.898963928222656,4.0776143074035645,1.6829478740692139,0.9153031721194614,FP-control-section
CML_metal/scene1,58,P3_1_T,True,False,0.0,14400.0,1587.68212890625,4100.32080078125,0.39297744631767273,4.1985015869140625,6.289124011993408,3.7794783115386963,0.7122204899787903,0.8659790847883041,FP-in-annotated-section
CML_metal/scene1,59,CFA_L2_C,False,False,0.0,27900.0,1302.9080810546875,3384.02490234375,0.3918299078941345,3.2966294288635254,4.808315753936768,2.8463711738586426,0.7070962190628052,0.6948043085199598,FP-control-section
