low,seed,min_area_um2,det_frac,ctrl_area_mm2,excess_frac,lesion_area_annot_mm2,n_lesions,n_les_annot
2.5,,5000,0.9553571428571429,0.206,0.43,12.31,215,154
2.5,,15000,0.9375,0.159,0.41,11.82,139,101
2.5,5.0,5000,0.9464285714285714,0.124,0.4,11.57,138,101
2.5,5.0,15000,0.9375,0.11,0.39,11.39,117,85
2.5,6.0,5000,0.9375,0.124,0.39,11.34,120,86
2.5,6.0,15000,0.9285714285714286,0.11,0.39,11.27,110,80
2.5,8.0,5000,0.7946428571428571,0.076,0.38,10.63,81,59
2.5,8.0,15000,0.7946428571428571,0.076,0.38,10.63,79,58
2.5,10.0,5000,0.7321428571428571,0.038,0.36,9.98,60,46
2.5,10.0,15000,0.7321428571428571,0.038,0.36,9.97,59,45
3.0,,5000,0.9553571428571429,0.14,0.38,10.43,190,138
3.0,,15000,0.8928571428571429,0.122,0.36,10.01,129,94
3.0,5.0,5000,0.9464285714285714,0.101,0.35,10.04,147,109
3.0,5.0,15000,0.8928571428571429,0.09,0.34,9.79,115,85
3.0,6.0,5000,0.9375,0.101,0.34,9.84,126,92
3.0,6.0,15000,0.8928571428571429,0.09,0.34,9.72,110,81
3.0,8.0,5000,0.7946428571428571,0.068,0.33,9.26,86,65
3.0,8.0,15000,0.7946428571428571,0.068,0.33,9.25,85,64
3.0,10.0,5000,0.7232142857142857,0.034,0.31,8.72,63,49
3.0,10.0,15000,0.7232142857142857,0.034,0.31,8.72,63,49
3.5,,5000,0.9464285714285714,0.107,0.33,9.13,168,123
3.5,,15000,0.8482142857142857,0.079,0.31,8.74,108,83
3.5,5.0,5000,0.9464285714285714,0.087,0.32,9.0,149,111
3.5,5.0,15000,0.8482142857142857,0.079,0.31,8.69,105,80
3.5,6.0,5000,0.9375,0.087,0.31,8.86,131,96
3.5,6.0,15000,0.8482142857142857,0.079,0.31,8.67,103,79
3.5,8.0,5000,0.7946428571428571,0.06,0.3,8.4,90,69
3.5,8.0,15000,0.7857142857142857,0.06,0.3,8.37,87,67
3.5,10.0,5000,0.7232142857142857,0.031,0.28,7.98,67,53
3.5,10.0,15000,0.7232142857142857,0.031,0.28,7.98,67,53
4.0,,5000,0.9375,0.081,0.29,8.04,151,113
4.0,,15000,0.7946428571428571,0.068,0.27,7.62,93,70
4.0,5.0,5000,0.9375,0.074,0.29,8.01,146,109
4.0,5.0,15000,0.7946428571428571,0.068,0.27,7.62,93,70
4.0,6.0,5000,0.9285714285714286,0.074,0.28,7.93,134,99
4.0,6.0,15000,0.7946428571428571,0.068,0.27,7.62,93,70
4.0,8.0,5000,0.7857142857142857,0.053,0.26,7.5,91,70
4.0,8.0,15000,0.7589285714285714,0.053,0.26,7.41,83,63
4.0,10.0,5000,0.7232142857142857,0.027,0.25,7.18,68,54
4.0,10.0,15000,0.7232142857142857,0.027,0.25,7.18,68,54
