n_cells,n_pos,frac_pos,center_um
0,0,,-487.5
0,0,,-462.5
0,0,,-437.5
0,0,,-412.5
0,0,,-387.5
0,0,,-362.5
0,0,,-337.5
0,0,,-312.5
0,0,,-287.5
0,0,,-262.5
0,0,,-237.5
0,0,,-212.5
100,63,0.63,-187.5
268,126,0.4701492537313433,-162.5
560,286,0.5107142857142857,-137.5
1170,516,0.441025641025641,-112.5
1757,734,0.4177575412635174,-87.5
2442,1051,0.43038493038493036,-62.5
3272,1342,0.41014669926650366,-37.5
3386,1309,0.3865918487891317,-12.5
3011,1060,0.3520425107937562,12.5
1705,582,0.34134897360703814,37.5
1244,400,0.3215434083601286,62.5
1284,391,0.3045171339563863,87.5
1130,358,0.3168141592920354,112.5
1038,328,0.3159922928709056,137.5
982,348,0.3543788187372709,162.5
978,307,0.31390593047034765,187.5
1003,325,0.3240279162512463,212.5
960,286,0.29791666666666666,237.5
966,325,0.3364389233954451,262.5
1135,378,0.33303964757709253,287.5
1097,371,0.3381950774840474,312.5
978,327,0.3343558282208589,337.5
894,308,0.34451901565995524,362.5
831,278,0.3345367027677497,387.5
786,263,0.3346055979643766,412.5
670,246,0.36716417910447763,437.5
762,219,0.2874015748031496,462.5
624,202,0.32371794871794873,487.5
